CREATE DATABASE  IF NOT EXISTS `ams` /*!40100 DEFAULT CHARACTER SET latin1 */;
USE `ams`;
-- MySQL dump 10.13  Distrib 5.5.49, for debian-linux-gnu (x86_64)
--
-- Host: 127.0.0.1    Database: ams
-- ------------------------------------------------------
-- Server version	5.5.49-0ubuntu0.14.04.1

/*!40101 SET @OLD_CHARACTER_SET_CLIENT=@@CHARACTER_SET_CLIENT */;
/*!40101 SET @OLD_CHARACTER_SET_RESULTS=@@CHARACTER_SET_RESULTS */;
/*!40101 SET @OLD_COLLATION_CONNECTION=@@COLLATION_CONNECTION */;
/*!40101 SET NAMES utf8 */;
/*!40103 SET @OLD_TIME_ZONE=@@TIME_ZONE */;
/*!40103 SET TIME_ZONE='+00:00' */;
/*!40014 SET @OLD_UNIQUE_CHECKS=@@UNIQUE_CHECKS, UNIQUE_CHECKS=0 */;
/*!40014 SET @OLD_FOREIGN_KEY_CHECKS=@@FOREIGN_KEY_CHECKS, FOREIGN_KEY_CHECKS=0 */;
/*!40101 SET @OLD_SQL_MODE=@@SQL_MODE, SQL_MODE='NO_AUTO_VALUE_ON_ZERO' */;
/*!40111 SET @OLD_SQL_NOTES=@@SQL_NOTES, SQL_NOTES=0 */;

--
-- Table structure for table `answers`
--

DROP TABLE IF EXISTS `answers`;
/*!40101 SET @saved_cs_client     = @@character_set_client */;
/*!40101 SET character_set_client = utf8 */;
CREATE TABLE `answers` (
  `id` int(11) NOT NULL AUTO_INCREMENT,
  `answer` int(11) DEFAULT '1',
  `id_question` int(11) NOT NULL,
  `id_audit` int(11) NOT NULL,
  `id_checklist` int(11) NOT NULL,
  PRIMARY KEY (`id`),
  UNIQUE KEY `id_UNIQUE` (`id`)
) ENGINE=InnoDB AUTO_INCREMENT=1204 DEFAULT CHARSET=latin1;
/*!40101 SET character_set_client = @saved_cs_client */;

--
-- Dumping data for table `answers`
--

LOCK TABLES `answers` WRITE;
/*!40000 ALTER TABLE `answers` DISABLE KEYS */;
INSERT INTO `answers` VALUES (1,1,179,17,13),(2,1,180,17,13),(3,1,181,17,13),(4,1,182,17,13),(5,1,183,17,13),(6,1,184,17,13),(7,1,185,17,13),(8,1,186,17,13),(9,1,187,17,13),(10,1,188,17,13),(11,1,189,17,13),(12,1,190,17,13),(13,1,191,17,13),(14,1,192,17,13),(15,1,193,17,13),(16,1,194,17,13),(17,1,195,17,13),(18,1,196,17,13),(19,1,197,17,13),(20,3,198,17,13),(21,1,199,17,13),(22,1,200,17,13),(23,3,201,17,13),(24,1,202,17,13),(25,1,203,17,13),(26,1,204,17,13),(27,1,205,17,13),(28,1,206,17,13),(29,1,207,17,13),(30,1,208,17,13),(31,1,209,17,13),(32,1,210,17,13),(33,1,211,17,13),(34,3,212,17,13),(35,1,213,17,13),(36,3,214,17,13),(37,1,215,17,13),(38,1,216,17,13),(39,3,217,17,13),(40,1,218,17,13),(41,1,219,17,13),(42,1,220,17,13),(43,3,221,17,13),(44,1,222,17,13),(45,1,223,17,13),(46,1,224,17,13),(47,1,225,17,13),(48,3,226,17,13),(49,1,227,17,13),(50,1,228,17,13),(51,1,229,17,13),(52,1,230,17,13),(53,1,231,17,13),(54,1,232,17,13),(55,1,233,17,13),(56,1,234,17,13),(57,1,235,17,13),(58,1,236,17,13),(59,3,237,17,13),(60,1,104,17,13),(61,1,105,17,13),(62,1,106,17,13),(63,1,107,17,13),(64,1,108,17,13),(65,1,109,17,13),(66,3,110,17,13),(67,1,111,17,13),(68,1,112,17,13),(69,1,113,17,13),(70,1,114,17,13),(71,1,115,17,13),(72,1,116,17,13),(73,1,117,17,13),(74,1,118,17,13),(75,1,119,17,13),(76,1,120,17,13),(77,1,121,17,13),(78,1,122,17,13),(79,1,123,17,13),(80,1,124,17,13),(81,1,125,17,13),(82,1,126,17,13),(83,1,127,17,13),(84,1,128,17,13),(85,1,129,17,13),(86,1,130,17,13),(87,1,131,17,13),(88,1,132,17,13),(89,1,133,17,13),(90,1,134,17,13),(91,1,135,17,13),(92,1,136,17,13),(93,1,137,17,13),(94,1,138,17,13),(95,1,139,17,13),(96,1,140,17,13),(97,1,141,17,13),(98,1,142,17,13),(99,1,143,17,13),(100,1,144,17,13),(101,1,145,17,13),(102,1,146,17,13),(103,1,147,17,13),(104,1,148,17,13),(105,1,149,17,13),(106,1,150,17,13),(107,1,151,17,13),(108,1,152,17,13),(109,1,153,17,13),(110,1,154,17,13),(111,1,155,17,13),(112,1,156,17,13),(113,1,157,17,13),(114,1,158,17,13),(115,1,159,17,13),(116,3,160,17,13),(117,2,161,17,13),(118,1,162,17,13),(119,3,163,17,13),(120,1,164,17,13),(121,3,165,17,13),(122,3,166,17,13),(123,1,167,17,13),(124,1,168,17,13),(125,1,169,17,13),(126,1,170,17,13),(127,1,171,17,13),(128,1,172,17,13),(129,1,173,17,13),(130,1,174,17,13),(131,1,175,17,13),(132,1,176,17,13),(133,1,177,17,13),(134,1,178,17,13),(135,1,179,17,13),(136,1,180,17,13),(137,1,181,17,13),(138,1,182,17,13),(139,1,183,17,13),(140,1,184,17,13),(141,1,185,17,13),(142,1,186,17,13),(143,1,187,17,13),(144,1,188,17,13),(145,1,189,17,13),(146,1,190,17,13),(147,1,191,17,13),(148,1,192,17,13),(149,1,193,17,13),(150,1,194,17,13),(151,1,195,17,13),(152,1,196,17,13),(153,1,197,17,13),(154,3,198,17,13),(155,1,199,17,13),(156,1,200,17,13),(157,3,201,17,13),(158,1,202,17,13),(159,1,203,17,13),(160,1,204,17,13),(161,1,205,17,13),(162,1,206,17,13),(163,1,207,17,13),(164,1,208,17,13),(165,1,209,17,13),(166,1,210,17,13),(167,1,211,17,13),(168,3,212,17,13),(169,1,213,17,13),(170,3,214,17,13),(171,1,215,17,13),(172,1,216,17,13),(173,3,217,17,13),(174,1,218,17,13),(175,1,219,17,13),(176,1,220,17,13),(177,3,221,17,13),(178,1,222,17,13),(179,1,223,17,13),(180,1,224,17,13),(181,1,225,17,13),(182,3,226,17,13),(183,1,227,17,13),(184,1,228,17,13),(185,1,229,17,13),(186,1,230,17,13),(187,1,231,17,13),(188,1,232,17,13),(189,1,233,17,13),(190,1,234,17,13),(191,1,235,17,13),(192,1,236,17,13),(193,3,237,17,13),(194,1,104,17,13),(195,1,105,17,13),(196,1,106,17,13),(197,1,107,17,13),(198,1,108,17,13),(199,1,109,17,13),(200,3,110,17,13),(201,1,111,17,13),(202,1,112,17,13),(203,1,113,17,13),(204,1,114,17,13),(205,1,115,17,13),(206,1,116,17,13),(207,1,117,17,13),(208,1,118,17,13),(209,1,119,17,13),(210,1,120,17,13),(211,1,121,17,13),(212,1,122,17,13),(213,1,123,17,13),(214,1,124,17,13),(215,1,125,17,13),(216,1,126,17,13),(217,1,127,17,13),(218,1,128,17,13),(219,1,129,17,13),(220,1,130,17,13),(221,1,131,17,13),(222,1,132,17,13),(223,1,133,17,13),(224,1,134,17,13),(225,1,135,17,13),(226,1,136,17,13),(227,1,137,17,13),(228,1,138,17,13),(229,1,139,17,13),(230,1,140,17,13),(231,1,141,17,13),(232,1,142,17,13),(233,1,143,17,13),(234,1,144,17,13),(235,1,145,17,13),(236,1,146,17,13),(237,1,147,17,13),(238,1,148,17,13),(239,1,149,17,13),(240,1,150,17,13),(241,1,151,17,13),(242,1,152,17,13),(243,1,153,17,13),(244,1,154,17,13),(245,1,155,17,13),(246,1,156,17,13),(247,1,157,17,13),(248,1,158,17,13),(249,1,159,17,13),(250,3,160,17,13),(251,2,161,17,13),(252,1,162,17,13),(253,3,163,17,13),(254,1,164,17,13),(255,3,165,17,13),(256,3,166,17,13),(257,1,167,17,13),(258,1,168,17,13),(259,1,169,17,13),(260,1,170,17,13),(261,1,171,17,13),(262,1,172,17,13),(263,1,173,17,13),(264,1,174,17,13),(265,1,175,17,13),(266,1,176,17,13),(267,1,177,17,13),(268,1,178,17,13),(269,1,179,17,13),(270,1,180,17,13),(271,1,181,17,13),(272,1,182,17,13),(273,1,183,17,13),(274,1,184,17,13),(275,1,185,17,13),(276,1,186,17,13),(277,1,187,17,13),(278,1,188,17,13),(279,1,189,17,13),(280,1,190,17,13),(281,1,191,17,13),(282,1,192,17,13),(283,1,193,17,13),(284,1,194,17,13),(285,1,195,17,13),(286,1,196,17,13),(287,1,197,17,13),(288,3,198,17,13),(289,1,199,17,13),(290,1,200,17,13),(291,3,201,17,13),(292,1,202,17,13),(293,1,203,17,13),(294,1,204,17,13),(295,1,205,17,13),(296,1,206,17,13),(297,1,207,17,13),(298,1,208,17,13),(299,1,209,17,13),(300,1,210,17,13),(301,1,211,17,13),(302,3,212,17,13),(303,1,213,17,13),(304,3,214,17,13),(305,1,215,17,13),(306,1,216,17,13),(307,3,217,17,13),(308,1,218,17,13),(309,1,219,17,13),(310,1,220,17,13),(311,3,221,17,13),(312,1,222,17,13),(313,1,223,17,13),(314,1,224,17,13),(315,1,225,17,13),(316,3,226,17,13),(317,1,227,17,13),(318,1,228,17,13),(319,1,229,17,13),(320,1,230,17,13),(321,1,231,17,13),(322,1,232,17,13),(323,1,233,17,13),(324,1,234,17,13),(325,1,235,17,13),(326,1,236,17,13),(327,3,237,17,13),(328,1,104,17,13),(329,1,105,17,13),(330,1,106,17,13),(331,1,107,17,13),(332,1,108,17,13),(333,1,109,17,13),(334,3,110,17,13),(335,1,111,17,13),(336,1,112,17,13),(337,1,113,17,13),(338,1,114,17,13),(339,1,115,17,13),(340,1,116,17,13),(341,1,117,17,13),(342,1,118,17,13),(343,1,119,17,13),(344,1,120,17,13),(345,1,121,17,13),(346,1,122,17,13),(347,1,123,17,13),(348,1,124,17,13),(349,1,125,17,13),(350,1,126,17,13),(351,1,127,17,13),(352,1,128,17,13),(353,1,129,17,13),(354,1,130,17,13),(355,1,131,17,13),(356,1,132,17,13),(357,1,133,17,13),(358,1,134,17,13),(359,1,135,17,13),(360,1,136,17,13),(361,1,137,17,13),(362,1,138,17,13),(363,1,139,17,13),(364,1,140,17,13),(365,1,141,17,13),(366,1,142,17,13),(367,1,143,17,13),(368,1,144,17,13),(369,1,145,17,13),(370,1,146,17,13),(371,1,147,17,13),(372,1,148,17,13),(373,1,149,17,13),(374,1,150,17,13),(375,1,151,17,13),(376,1,152,17,13),(377,1,153,17,13),(378,1,154,17,13),(379,1,155,17,13),(380,1,156,17,13),(381,1,157,17,13),(382,1,158,17,13),(383,1,159,17,13),(384,3,160,17,13),(385,2,161,17,13),(386,1,162,17,13),(387,3,163,17,13),(388,1,164,17,13),(389,3,165,17,13),(390,3,166,17,13),(391,1,167,17,13),(392,1,168,17,13),(393,1,169,17,13),(394,1,170,17,13),(395,1,171,17,13),(396,1,172,17,13),(397,1,173,17,13),(398,1,174,17,13),(399,1,175,17,13),(400,1,176,17,13),(401,1,177,17,13),(402,1,178,17,13),(403,1,179,17,13),(404,1,180,17,13),(405,1,181,17,13),(406,1,182,17,13),(407,1,183,17,13),(408,1,184,17,13),(409,1,185,17,13),(410,1,186,17,13),(411,1,187,17,13),(412,1,188,17,13),(413,1,189,17,13),(414,1,190,17,13),(415,1,191,17,13),(416,1,192,17,13),(417,1,193,17,13),(418,1,194,17,13),(419,1,195,17,13),(420,1,196,17,13),(421,1,197,17,13),(422,3,198,17,13),(423,1,199,17,13),(424,1,200,17,13),(425,3,201,17,13),(426,1,202,17,13),(427,1,203,17,13),(428,1,204,17,13),(429,1,205,17,13),(430,1,206,17,13),(431,1,207,17,13),(432,1,208,17,13),(433,1,209,17,13),(434,1,210,17,13),(435,1,211,17,13),(436,3,212,17,13),(437,1,213,17,13),(438,3,214,17,13),(439,1,215,17,13),(440,1,216,17,13),(441,3,217,17,13),(442,1,218,17,13),(443,1,219,17,13),(444,1,220,17,13),(445,3,221,17,13),(446,1,222,17,13),(447,1,223,17,13),(448,1,224,17,13),(449,1,225,17,13),(450,3,226,17,13),(451,1,227,17,13),(452,1,228,17,13),(453,1,229,17,13),(454,1,230,17,13),(455,1,231,17,13),(456,1,232,17,13),(457,1,233,17,13),(458,1,234,17,13),(459,1,235,17,13),(460,1,236,17,13),(461,3,237,17,13),(462,1,104,17,13),(463,1,105,17,13),(464,1,106,17,13),(465,1,107,17,13),(466,1,108,17,13),(467,1,109,17,13),(468,3,110,17,13),(469,1,111,17,13),(470,1,112,17,13),(471,1,113,17,13),(472,1,114,17,13),(473,1,115,17,13),(474,1,116,17,13),(475,1,117,17,13),(476,1,118,17,13),(477,1,119,17,13),(478,1,120,17,13),(479,1,121,17,13),(480,1,122,17,13),(481,1,123,17,13),(482,1,124,17,13),(483,1,125,17,13),(484,1,126,17,13),(485,1,127,17,13),(486,1,128,17,13),(487,1,129,17,13),(488,1,130,17,13),(489,1,131,17,13),(490,1,132,17,13),(491,1,133,17,13),(492,1,134,17,13),(493,1,135,17,13),(494,1,136,17,13),(495,1,137,17,13),(496,1,138,17,13),(497,1,139,17,13),(498,1,140,17,13),(499,1,141,17,13),(500,1,142,17,13),(501,1,143,17,13),(502,1,144,17,13),(503,1,145,17,13),(504,1,146,17,13),(505,1,147,17,13),(506,1,148,17,13),(507,1,149,17,13),(508,1,150,17,13),(509,1,151,17,13),(510,1,152,17,13),(511,1,153,17,13),(512,1,154,17,13),(513,1,155,17,13),(514,1,156,17,13),(515,1,157,17,13),(516,1,158,17,13),(517,1,159,17,13),(518,3,160,17,13),(519,2,161,17,13),(520,1,162,17,13),(521,3,163,17,13),(522,1,164,17,13),(523,3,165,17,13),(524,3,166,17,13),(525,1,167,17,13),(526,1,168,17,13),(527,1,169,17,13),(528,1,170,17,13),(529,1,171,17,13),(530,1,172,17,13),(531,1,173,17,13),(532,1,174,17,13),(533,1,175,17,13),(534,1,176,17,13),(535,1,177,17,13),(536,1,178,17,13),(537,1,179,17,13),(538,1,180,17,13),(539,1,181,17,13),(540,1,182,17,13),(541,1,183,17,13),(542,1,184,17,13),(543,1,185,17,13),(544,1,186,17,13),(545,1,187,17,13),(546,1,188,17,13),(547,1,189,17,13),(548,1,190,17,13),(549,1,191,17,13),(550,1,192,17,13),(551,1,193,17,13),(552,1,194,17,13),(553,1,195,17,13),(554,1,196,17,13),(555,1,197,17,13),(556,3,198,17,13),(557,1,199,17,13),(558,1,200,17,13),(559,3,201,17,13),(560,1,202,17,13),(561,1,203,17,13),(562,1,204,17,13),(563,1,205,17,13),(564,1,206,17,13),(565,1,207,17,13),(566,1,208,17,13),(567,1,209,17,13),(568,1,210,17,13),(569,1,211,17,13),(570,3,212,17,13),(571,1,213,17,13),(572,3,214,17,13),(573,1,215,17,13),(574,1,216,17,13),(575,3,217,17,13),(576,1,218,17,13),(577,1,219,17,13),(578,1,220,17,13),(579,3,221,17,13),(580,1,222,17,13),(581,1,223,17,13),(582,1,224,17,13),(583,1,225,17,13),(584,3,226,17,13),(585,1,227,17,13),(586,1,228,17,13),(587,1,229,17,13),(588,1,230,17,13),(589,1,231,17,13),(590,1,232,17,13),(591,1,233,17,13),(592,1,234,17,13),(593,1,235,17,13),(594,1,236,17,13),(595,3,237,17,13),(596,1,104,17,13),(597,1,105,17,13),(598,1,106,17,13),(599,1,107,17,13),(600,1,108,17,13),(601,1,109,17,13),(602,3,110,17,13),(603,1,111,17,13),(604,1,112,17,13),(605,1,113,17,13),(606,1,114,17,13),(607,1,115,17,13),(608,1,116,17,13),(609,1,117,17,13),(610,1,118,17,13),(611,1,119,17,13),(612,1,120,17,13),(613,1,121,17,13),(614,1,122,17,13),(615,1,123,17,13),(616,1,124,17,13),(617,1,125,17,13),(618,1,126,17,13),(619,1,127,17,13),(620,1,128,17,13),(621,1,129,17,13),(622,1,130,17,13),(623,1,131,17,13),(624,1,132,17,13),(625,1,133,17,13),(626,1,134,17,13),(627,1,135,17,13),(628,1,136,17,13),(629,1,137,17,13),(630,1,138,17,13),(631,1,139,17,13),(632,1,140,17,13),(633,1,141,17,13),(634,1,142,17,13),(635,1,143,17,13),(636,1,144,17,13),(637,1,145,17,13),(638,1,146,17,13),(639,1,147,17,13),(640,1,148,17,13),(641,1,149,17,13),(642,1,150,17,13),(643,1,151,17,13),(644,1,152,17,13),(645,1,153,17,13),(646,1,154,17,13),(647,1,155,17,13),(648,1,156,17,13),(649,1,157,17,13),(650,1,158,17,13),(651,1,159,17,13),(652,3,160,17,13),(653,2,161,17,13),(654,1,162,17,13),(655,3,163,17,13),(656,1,164,17,13),(657,3,165,17,13),(658,3,166,17,13),(659,1,167,17,13),(660,1,168,17,13),(661,1,169,17,13),(662,1,170,17,13),(663,1,171,17,13),(664,1,172,17,13),(665,1,173,17,13),(666,1,174,17,13),(667,1,175,17,13),(668,1,176,17,13),(669,1,177,17,13),(670,1,178,17,13),(671,1,179,17,13),(672,1,180,17,13),(673,1,181,17,13),(674,1,182,17,13),(675,1,183,17,13),(676,1,184,17,13),(677,1,185,17,13),(678,1,186,17,13),(679,1,187,17,13),(680,1,188,17,13),(681,1,189,17,13),(682,1,190,17,13),(683,1,191,17,13),(684,1,192,17,13),(685,1,193,17,13),(686,1,194,17,13),(687,1,195,17,13),(688,1,196,17,13),(689,1,197,17,13),(690,3,198,17,13),(691,1,199,17,13),(692,1,200,17,13),(693,3,201,17,13),(694,1,202,17,13),(695,1,203,17,13),(696,1,204,17,13),(697,1,205,17,13),(698,1,206,17,13),(699,1,207,17,13),(700,1,208,17,13),(701,1,209,17,13),(702,1,210,17,13),(703,1,211,17,13),(704,3,212,17,13),(705,1,213,17,13),(706,3,214,17,13),(707,1,215,17,13),(708,1,216,17,13),(709,3,217,17,13),(710,1,218,17,13),(711,1,219,17,13),(712,1,220,17,13),(713,3,221,17,13),(714,1,222,17,13),(715,1,223,17,13),(716,1,224,17,13),(717,1,225,17,13),(718,3,226,17,13),(719,1,227,17,13),(720,1,228,17,13),(721,1,229,17,13),(722,1,230,17,13),(723,1,231,17,13),(724,1,232,17,13),(725,1,233,17,13),(726,1,234,17,13),(727,1,235,17,13),(728,1,236,17,13),(729,3,237,17,13),(730,1,104,17,13),(731,1,105,17,13),(732,1,106,17,13),(733,1,107,17,13),(734,1,108,17,13),(735,1,109,17,13),(736,3,110,17,13),(737,1,111,17,13),(738,1,112,17,13),(739,1,113,17,13),(740,1,114,17,13),(741,1,115,17,13),(742,1,116,17,13),(743,1,117,17,13),(744,1,118,17,13),(745,1,119,17,13),(746,1,120,17,13),(747,1,121,17,13),(748,1,122,17,13),(749,1,123,17,13),(750,1,124,17,13),(751,1,125,17,13),(752,1,126,17,13),(753,1,127,17,13),(754,1,128,17,13),(755,1,129,17,13),(756,1,130,17,13),(757,1,131,17,13),(758,1,132,17,13),(759,1,133,17,13),(760,1,134,17,13),(761,1,135,17,13),(762,1,136,17,13),(763,1,137,17,13),(764,1,138,17,13),(765,1,139,17,13),(766,1,140,17,13),(767,1,141,17,13),(768,1,142,17,13),(769,1,143,17,13),(770,1,144,17,13),(771,1,145,17,13),(772,1,146,17,13),(773,1,147,17,13),(774,1,148,17,13),(775,1,149,17,13),(776,1,150,17,13),(777,1,151,17,13),(778,1,152,17,13),(779,1,153,17,13),(780,1,154,17,13),(781,1,155,17,13),(782,1,156,17,13),(783,1,157,17,13),(784,1,158,17,13),(785,1,159,17,13),(786,3,160,17,13),(787,2,161,17,13),(788,1,162,17,13),(789,3,163,17,13),(790,1,164,17,13),(791,3,165,17,13),(792,3,166,17,13),(793,1,167,17,13),(794,1,168,17,13),(795,1,169,17,13),(796,1,170,17,13),(797,1,171,17,13),(798,1,172,17,13),(799,1,173,17,13),(800,1,174,17,13),(801,1,175,17,13),(802,1,176,17,13),(803,1,177,17,13),(804,1,178,17,13),(805,1,179,17,13),(806,1,180,17,13),(807,1,181,17,13),(808,1,182,17,13),(809,1,183,17,13),(810,1,184,17,13),(811,1,185,17,13),(812,1,186,17,13),(813,1,187,17,13),(814,1,188,17,13),(815,1,189,17,13),(816,1,190,17,13),(817,1,191,17,13),(818,1,192,17,13),(819,1,193,17,13),(820,1,194,17,13),(821,1,195,17,13),(822,1,196,17,13),(823,1,197,17,13),(824,3,198,17,13),(825,1,199,17,13),(826,1,200,17,13),(827,3,201,17,13),(828,1,202,17,13),(829,1,203,17,13),(830,1,204,17,13),(831,1,205,17,13),(832,1,206,17,13),(833,1,207,17,13),(834,1,208,17,13),(835,1,209,17,13),(836,1,210,17,13),(837,1,211,17,13),(838,3,212,17,13),(839,1,213,17,13),(840,3,214,17,13),(841,1,215,17,13),(842,1,216,17,13),(843,3,217,17,13),(844,1,218,17,13),(845,1,219,17,13),(846,1,220,17,13),(847,3,221,17,13),(848,1,222,17,13),(849,1,223,17,13),(850,1,224,17,13),(851,1,225,17,13),(852,3,226,17,13),(853,1,227,17,13),(854,1,228,17,13),(855,1,229,17,13),(856,1,230,17,13),(857,1,231,17,13),(858,1,232,17,13),(859,1,233,17,13),(860,1,234,17,13),(861,1,235,17,13),(862,1,236,17,13),(863,3,237,17,13),(864,1,104,17,13),(865,1,105,17,13),(866,1,106,17,13),(867,1,107,17,13),(868,1,108,17,13),(869,1,109,17,13),(870,3,110,17,13),(871,1,111,17,13),(872,1,112,17,13),(873,1,113,17,13),(874,1,114,17,13),(875,1,115,17,13),(876,1,116,17,13),(877,1,117,17,13),(878,1,118,17,13),(879,1,119,17,13),(880,1,120,17,13),(881,1,121,17,13),(882,1,122,17,13),(883,1,123,17,13),(884,1,124,17,13),(885,1,125,17,13),(886,1,126,17,13),(887,1,127,17,13),(888,1,128,17,13),(889,1,129,17,13),(890,1,130,17,13),(891,1,131,17,13),(892,1,132,17,13),(893,1,133,17,13),(894,1,134,17,13),(895,1,135,17,13),(896,1,136,17,13),(897,1,137,17,13),(898,1,138,17,13),(899,1,139,17,13),(900,1,140,17,13),(901,1,141,17,13),(902,1,142,17,13),(903,1,143,17,13),(904,1,144,17,13),(905,1,145,17,13),(906,1,146,17,13),(907,1,147,17,13),(908,1,148,17,13),(909,1,149,17,13),(910,1,150,17,13),(911,1,151,17,13),(912,1,152,17,13),(913,1,153,17,13),(914,1,154,17,13),(915,1,155,17,13),(916,1,156,17,13),(917,1,157,17,13),(918,1,158,17,13),(919,1,159,17,13),(920,3,160,17,13),(921,2,161,17,13),(922,1,162,17,13),(923,3,163,17,13),(924,1,164,17,13),(925,3,165,17,13),(926,3,166,17,13),(927,1,167,17,13),(928,1,168,17,13),(929,1,169,17,13),(930,1,170,17,13),(931,1,171,17,13),(932,1,172,17,13),(933,1,173,17,13),(934,1,174,17,13),(935,1,175,17,13),(936,1,176,17,13),(937,1,177,17,13),(938,1,178,17,13),(939,1,179,17,13),(940,1,180,17,13),(941,1,181,17,13),(942,1,182,17,13),(943,1,183,17,13),(944,1,184,17,13),(945,1,185,17,13),(946,1,186,17,13),(947,1,187,17,13),(948,1,188,17,13),(949,1,189,17,13),(950,1,190,17,13),(951,1,191,17,13),(952,1,192,17,13),(953,1,193,17,13),(954,1,194,17,13),(955,1,195,17,13),(956,1,196,17,13),(957,1,197,17,13),(958,3,198,17,13),(959,1,199,17,13),(960,1,200,17,13),(961,3,201,17,13),(962,1,202,17,13),(963,1,203,17,13),(964,1,204,17,13),(965,1,205,17,13),(966,1,206,17,13),(967,1,207,17,13),(968,1,208,17,13),(969,1,209,17,13),(970,1,210,17,13),(971,1,211,17,13),(972,3,212,17,13),(973,1,213,17,13),(974,3,214,17,13),(975,1,215,17,13),(976,1,216,17,13),(977,3,217,17,13),(978,1,218,17,13),(979,1,219,17,13),(980,1,220,17,13),(981,3,221,17,13),(982,1,222,17,13),(983,1,223,17,13),(984,1,224,17,13),(985,1,225,17,13),(986,3,226,17,13),(987,1,227,17,13),(988,1,228,17,13),(989,1,229,17,13),(990,1,230,17,13),(991,1,231,17,13),(992,1,232,17,13),(993,1,233,17,13),(994,1,234,17,13),(995,1,235,17,13),(996,1,236,17,13),(997,3,237,17,13),(998,2,1,27,12),(999,2,2,27,12),(1000,1,3,27,12),(1001,1,4,27,12),(1002,1,5,27,12),(1003,1,6,27,12),(1004,1,7,27,12),(1005,1,8,27,12),(1006,1,9,27,12),(1007,1,10,27,12),(1008,1,11,27,12),(1009,1,12,27,12),(1010,1,13,27,12),(1011,1,14,27,12),(1012,1,15,27,12),(1013,1,16,27,12),(1014,1,17,27,12),(1015,1,18,27,12),(1016,1,19,27,12),(1017,1,20,27,12),(1018,1,21,27,12),(1019,1,22,27,12),(1020,1,23,27,12),(1021,1,24,27,12),(1022,1,25,27,12),(1023,1,26,27,12),(1024,1,27,27,12),(1025,1,28,27,12),(1026,1,29,27,12),(1027,1,30,27,12),(1028,1,31,27,12),(1029,1,32,27,12),(1030,1,33,27,12),(1031,1,34,27,12),(1032,1,35,27,12),(1033,1,36,27,12),(1034,1,37,27,12),(1035,1,38,27,12),(1036,1,39,27,12),(1037,1,40,27,12),(1038,1,41,27,12),(1039,1,42,27,12),(1040,1,43,27,12),(1041,1,44,27,12),(1042,1,45,27,12),(1043,1,46,27,12),(1044,1,47,27,12),(1045,1,48,27,12),(1046,1,49,27,12),(1047,1,50,27,12),(1048,1,51,27,12),(1049,1,52,27,12),(1050,1,53,27,12),(1051,1,54,27,12),(1052,1,55,27,12),(1053,1,56,27,12),(1054,1,57,27,12),(1055,1,58,27,12),(1056,1,59,27,12),(1057,1,60,27,12),(1058,1,61,27,12),(1059,1,62,27,12),(1060,1,63,27,12),(1061,1,64,27,12),(1062,1,65,27,12),(1063,1,66,27,12),(1064,1,67,27,12),(1065,1,68,27,12),(1066,1,69,27,12),(1067,2,70,27,12),(1068,1,71,27,12),(1069,1,72,27,12),(1070,1,73,27,12),(1071,1,74,27,12),(1072,1,75,27,12),(1073,1,76,27,12),(1074,1,77,27,12),(1075,1,78,27,12),(1076,1,79,27,12),(1077,1,80,27,12),(1078,1,81,27,12),(1079,1,82,27,12),(1080,1,83,27,12),(1081,1,84,27,12),(1082,1,85,27,12),(1083,1,86,27,12),(1084,1,87,27,12),(1085,1,88,27,12),(1086,1,89,27,12),(1087,1,90,27,12),(1088,1,91,27,12),(1089,1,92,27,12),(1090,1,93,27,12),(1091,1,94,27,12),(1092,1,95,27,12),(1093,1,96,27,12),(1094,1,97,27,12),(1095,1,98,27,12),(1096,1,99,27,12),(1097,1,100,27,12),(1098,1,101,27,12),(1099,2,102,27,12),(1100,2,103,27,12),(1101,1,1,27,12),(1102,1,2,27,12),(1103,1,3,27,12),(1104,1,4,27,12),(1105,1,5,27,12),(1106,1,6,27,12),(1107,1,7,27,12),(1108,1,8,27,12),(1109,1,9,27,12),(1110,1,10,27,12),(1111,1,11,27,12),(1112,1,12,27,12),(1113,1,13,27,12),(1114,1,14,27,12),(1115,1,15,27,12),(1116,1,16,27,12),(1117,1,17,27,12),(1118,1,18,27,12),(1119,1,19,27,12),(1120,1,20,27,12),(1121,1,21,27,12),(1122,1,22,27,12),(1123,1,23,27,12),(1124,1,24,27,12),(1125,1,25,27,12),(1126,1,26,27,12),(1127,1,27,27,12),(1128,1,28,27,12),(1129,1,29,27,12),(1130,1,30,27,12),(1131,1,31,27,12),(1132,1,32,27,12),(1133,1,33,27,12),(1134,1,34,27,12),(1135,1,35,27,12),(1136,1,36,27,12),(1137,1,37,27,12),(1138,1,38,27,12),(1139,1,39,27,12),(1140,1,40,27,12),(1141,1,41,27,12),(1142,1,42,27,12),(1143,1,43,27,12),(1144,1,44,27,12),(1145,1,45,27,12),(1146,1,46,27,12),(1147,1,47,27,12),(1148,1,48,27,12),(1149,1,49,27,12),(1150,2,50,27,12),(1151,1,51,27,12),(1152,2,52,27,12),(1153,2,53,27,12),(1154,1,54,27,12),(1155,2,55,27,12),(1156,2,56,27,12),(1157,1,57,27,12),(1158,1,58,27,12),(1159,1,59,27,12),(1160,1,60,27,12),(1161,1,61,27,12),(1162,1,62,27,12),(1163,1,63,27,12),(1164,1,64,27,12),(1165,1,65,27,12),(1166,1,66,27,12),(1167,1,67,27,12),(1168,1,68,27,12),(1169,1,69,27,12),(1170,1,70,27,12),(1171,1,71,27,12),(1172,1,72,27,12),(1173,1,73,27,12),(1174,1,74,27,12),(1175,1,75,27,12),(1176,1,76,27,12),(1177,1,77,27,12),(1178,1,78,27,12),(1179,1,79,27,12),(1180,1,80,27,12),(1181,1,81,27,12),(1182,1,82,27,12),(1183,1,83,27,12),(1184,1,84,27,12),(1185,1,85,27,12),(1186,1,86,27,12),(1187,1,87,27,12),(1188,1,88,27,12),(1189,1,89,27,12),(1190,1,90,27,12),(1191,1,91,27,12),(1192,1,92,27,12),(1193,1,93,27,12),(1194,1,94,27,12),(1195,1,95,27,12),(1196,1,96,27,12),(1197,1,97,27,12),(1198,1,98,27,12),(1199,1,99,27,12),(1200,1,100,27,12),(1201,1,101,27,12),(1202,1,102,27,12),(1203,1,103,27,12);
/*!40000 ALTER TABLE `answers` ENABLE KEYS */;
UNLOCK TABLES;

--
-- Table structure for table `audits`
--

DROP TABLE IF EXISTS `audits`;
/*!40101 SET @saved_cs_client     = @@character_set_client */;
/*!40101 SET character_set_client = utf8 */;
CREATE TABLE `audits` (
  `id` int(11) NOT NULL AUTO_INCREMENT,
  `id_templates` int(11) NOT NULL,
  `section` int(11) NOT NULL,
  `doa` date NOT NULL,
  `started_at` datetime NOT NULL,
  `ended_at` datetime NOT NULL,
  `disposals` varchar(45) DEFAULT '',
  `id_inspector` int(11) NOT NULL,
  `reason` int(11) NOT NULL,
  `pass` int(11) NOT NULL,
  `remarks` varchar(100) DEFAULT '',
  `id_facility` int(11) NOT NULL,
  `total_marks` int(11) DEFAULT '0',
  `marks_obtained` int(11) DEFAULT '0',
  `penalty` int(11) NOT NULL DEFAULT '0',
  `comments` varchar(100) DEFAULT '',
  `penalty_deadline` date DEFAULT '0000-00-00',
  `rank` int(11) DEFAULT '0',
  `status` int(11) NOT NULL DEFAULT '1',
  `created_at` timestamp NOT NULL DEFAULT CURRENT_TIMESTAMP,
  `end` datetime NOT NULL DEFAULT '0000-00-00 00:00:00',
  PRIMARY KEY (`id`),
  UNIQUE KEY `id_UNIQUE` (`id`)
) ENGINE=InnoDB AUTO_INCREMENT=28 DEFAULT CHARSET=latin1;
/*!40101 SET character_set_client = @saved_cs_client */;

--
-- Dumping data for table `audits`
--

LOCK TABLES `audits` WRITE;
/*!40000 ALTER TABLE `audits` DISABLE KEYS */;
INSERT INTO `audits` VALUES (5,11,2,'0000-00-00','2016-04-23 00:00:00','2016-04-23 00:00:00','',4,1,2,'A complain was filed',3,21,13,123,'czczczxczx','2016-05-26',4,2,'0000-00-00 00:00:00','2016-05-25 00:00:00'),(7,11,1,'2016-05-12','2016-04-23 00:00:00','2016-04-23 00:00:00','',4,3,5,'',1,16,13,449,'Serious issues','2016-05-31',2,2,'0000-00-00 00:00:00','2016-05-25 00:00:00'),(8,11,3,'2016-05-23','2016-04-23 00:00:00','2016-04-23 00:00:00','',4,2,4,'',3,21,21,0,'Something','2016-05-26',1,2,'0000-00-00 00:00:00','2016-05-25 00:00:00'),(10,11,1,'2016-05-23','0000-00-00 00:00:00','0000-00-00 00:00:00','',4,3,0,'',3,0,0,0,'','0000-00-00',0,1,'0000-00-00 00:00:00','2016-05-25 00:00:00'),(11,11,3,'2016-05-23','2016-04-23 00:00:00','2016-04-23 00:00:00','',4,1,3,'I am sorry',3,21,21,0,'','2016-05-23',1,2,'0000-00-00 00:00:00','2016-05-25 00:00:00'),(12,11,1,'2016-05-23','2016-05-23 00:00:00','2016-05-23 00:00:00','',4,3,7,'',2,21,21,0,'','2016-05-23',1,2,'0000-00-00 00:00:00','2016-05-25 00:00:00'),(14,11,3,'2016-05-23','2016-05-23 00:00:00','2016-05-23 00:00:00','',4,3,7,'',3,21,13,105,'dasd','2016-05-23',4,2,'0000-00-00 00:00:00','2016-05-25 00:00:00'),(15,12,1,'2016-05-23','2016-05-24 00:00:00','2016-05-24 00:00:00','',4,1,0,'',3,299,0,0,'','0000-00-00',4,2,'0000-00-00 00:00:00','2016-05-25 00:00:00'),(17,13,1,'2016-05-23','2016-05-24 00:00:00','2016-05-24 00:00:00','',4,1,0,'',3,323,320,0,'','0000-00-00',1,2,'0000-00-00 00:00:00','2016-05-25 00:00:00'),(23,12,1,'2016-05-25','0000-00-00 00:00:00','0000-00-00 00:00:00','',4,1,0,'',3,0,0,0,'','0000-00-00',1,1,'0000-00-00 00:00:00','2016-05-25 00:00:00'),(24,0,0,'0000-00-00','0000-00-00 00:00:00','0000-00-00 00:00:00',NULL,0,0,0,NULL,0,NULL,NULL,0,NULL,NULL,1,1,'2016-05-25 01:20:34','2016-05-19 06:11:17'),(25,14,2,'2016-05-02','2016-05-04 00:00:00','2016-05-20 00:00:00',NULL,4,1,2,NULL,15,NULL,NULL,0,NULL,NULL,1,1,'2016-05-25 01:21:49','2016-05-11 11:08:07'),(26,14,2,'2016-05-28','2016-05-12 08:08:34','2016-05-31 02:22:04','',4,1,2,'',2,0,0,0,'','2016-05-28',1,1,'2016-05-25 01:26:01','2016-05-17 08:27:24'),(27,12,1,'2016-05-07','2016-05-25 00:00:00','2016-05-25 00:00:00','',16,2,0,'19654',1,299,284,117,'','2016-05-28',1,2,'0000-00-00 00:00:00','0000-00-00 00:00:00');
/*!40000 ALTER TABLE `audits` ENABLE KEYS */;
UNLOCK TABLES;

--
-- Table structure for table `audits_inspectors`
--

DROP TABLE IF EXISTS `audits_inspectors`;
/*!40101 SET @saved_cs_client     = @@character_set_client */;
/*!40101 SET character_set_client = utf8 */;
CREATE TABLE `audits_inspectors` (
  `id` int(11) NOT NULL AUTO_INCREMENT,
  `id_audit` int(11) NOT NULL,
  `id_inspector` int(11) NOT NULL,
  PRIMARY KEY (`id`),
  UNIQUE KEY `id_UNIQUE` (`id`)
) ENGINE=InnoDB AUTO_INCREMENT=25 DEFAULT CHARSET=latin1;
/*!40101 SET character_set_client = @saved_cs_client */;

--
-- Dumping data for table `audits_inspectors`
--

LOCK TABLES `audits_inspectors` WRITE;
/*!40000 ALTER TABLE `audits_inspectors` DISABLE KEYS */;
INSERT INTO `audits_inspectors` VALUES (1,1,0),(2,2,4),(3,3,1),(4,4,4),(5,5,4),(6,6,4),(7,7,4),(8,8,4),(9,9,4),(10,10,4),(11,11,4),(12,12,4),(13,13,4),(14,14,4),(15,15,4),(16,16,4),(17,17,4),(18,18,4),(19,19,4),(20,20,4),(21,21,4),(22,22,9),(23,23,4),(24,27,16);
/*!40000 ALTER TABLE `audits_inspectors` ENABLE KEYS */;
UNLOCK TABLES;

--
-- Table structure for table `categories`
--

DROP TABLE IF EXISTS `categories`;
/*!40101 SET @saved_cs_client     = @@character_set_client */;
/*!40101 SET character_set_client = utf8 */;
CREATE TABLE `categories` (
  `id` int(11) NOT NULL AUTO_INCREMENT,
  `category` text NOT NULL,
  PRIMARY KEY (`id`),
  UNIQUE KEY `id_UNIQUE` (`id`)
) ENGINE=InnoDB AUTO_INCREMENT=10 DEFAULT CHARSET=latin1;
/*!40101 SET character_set_client = @saved_cs_client */;

--
-- Dumping data for table `categories`
--

LOCK TABLES `categories` WRITE;
/*!40000 ALTER TABLE `categories` DISABLE KEYS */;
INSERT INTO `categories` VALUES (1,'new category'),(2,'second category'),(3,'test'),(4,'test3'),(5,'test4'),(6,'test5'),(7,'fun'),(8,'oops'),(9,'final');
/*!40000 ALTER TABLE `categories` ENABLE KEYS */;
UNLOCK TABLES;

--
-- Table structure for table `centres`
--

DROP TABLE IF EXISTS `centres`;
/*!40101 SET @saved_cs_client     = @@character_set_client */;
/*!40101 SET character_set_client = utf8 */;
CREATE TABLE `centres` (
  `ID` int(11) NOT NULL AUTO_INCREMENT,
  `name` varchar(45) COLLATE utf8_bin NOT NULL,
  `registration_number` int(45) NOT NULL,
  `owner_name` varchar(45) COLLATE utf8_bin DEFAULT '',
  `national_id` varchar(45) CHARACTER SET latin1 DEFAULT '',
  `contract_number` varchar(45) CHARACTER SET latin1 DEFAULT '',
  `contract_start_date` date NOT NULL,
  `contract_end_date` date NOT NULL,
  `district` varchar(45) COLLATE utf8_bin DEFAULT '',
  `location` varchar(45) COLLATE utf8_bin DEFAULT '',
  `address` varchar(45) COLLATE utf8_bin DEFAULT '',
  `tel1` varchar(45) CHARACTER SET latin1 DEFAULT '',
  `tel2` varchar(45) CHARACTER SET latin1 DEFAULT '',
  `owner_mobile` varchar(45) CHARACTER SET latin1 DEFAULT '',
  `fax` varchar(45) CHARACTER SET latin1 DEFAULT '',
  PRIMARY KEY (`ID`)
) ENGINE=InnoDB AUTO_INCREMENT=5 DEFAULT CHARSET=utf8 COLLATE=utf8_bin;
/*!40101 SET character_set_client = @saved_cs_client */;

--
-- Dumping data for table `centres`
--

LOCK TABLES `centres` WRITE;
/*!40000 ALTER TABLE `centres` DISABLE KEYS */;
INSERT INTO `centres` VALUES (0,'أسواق حمد الذبياني',0,'حمد الذبياني','123456876','6806','2016-04-18','2013-05-15','Karachi','السميري الشمالي','Hello kitty','123456789','321456789','123465789','231131321'),(2,'أسواق حمد الذبياني',219,'أسواق حمد الذبياني','11162','19832','0000-00-00','0000-00-00','asd','asd','asd','','1231','123123','1231412312'),(3,'New Center',123456789,'Someguy','123456798','123-456-789','0000-00-00','0000-00-00','Gulshan Chowrangi','Karachi','CIty Campus','','123456789','123456789','123456789'),(4,'newdskmlad',1321346545,'Osmfsa','1231','123546','2016-05-18','2016-05-28','Karachi','Karachi','adasdq','12313213','1231321','132321','1321321');
/*!40000 ALTER TABLE `centres` ENABLE KEYS */;
UNLOCK TABLES;

--
-- Table structure for table `checklists`
--

DROP TABLE IF EXISTS `checklists`;
/*!40101 SET @saved_cs_client     = @@character_set_client */;
/*!40101 SET character_set_client = utf8 */;
CREATE TABLE `checklists` (
  `id` int(11) NOT NULL AUTO_INCREMENT,
  `section` int(11) NOT NULL,
  `title` varchar(100) NOT NULL,
  `description` varchar(200) DEFAULT '',
  PRIMARY KEY (`id`),
  UNIQUE KEY `id_UNIQUE` (`id`)
) ENGINE=InnoDB AUTO_INCREMENT=21 DEFAULT CHARSET=latin1;
/*!40101 SET character_set_client = @saved_cs_client */;

--
-- Dumping data for table `checklists`
--

LOCK TABLES `checklists` WRITE;
/*!40000 ALTER TABLE `checklists` DISABLE KEYS */;
INSERT INTO `checklists` VALUES (12,1,'Fish Shop Inspection','Fish Shop Inspection'),(13,2,'Bakery Checklist','Bakery Checklist'),(14,3,'Butchery Checklist','Butchery Checklist'),(15,1,'Coffee Shop Checklist','Coffee Shop Checklist'),(16,1,'Fruits and Vegetable Shops Checklists','Fruits and Vegetable Shops Checklists'),(17,1,'RCY Barbershop','RCY Barbershop'),(18,1,'RCY Laundry Checklist','RCY Laundry Checklist'),(19,2,'RCY Pool Inspection','RCY Pool Inspection'),(20,3,'Restaurants Inspection Checklist','Restaurants Inspection Checklist');
/*!40000 ALTER TABLE `checklists` ENABLE KEYS */;
UNLOCK TABLES;

--
-- Table structure for table `ci_sessions`
--

DROP TABLE IF EXISTS `ci_sessions`;
/*!40101 SET @saved_cs_client     = @@character_set_client */;
/*!40101 SET character_set_client = utf8 */;
CREATE TABLE `ci_sessions` (
  `id` varchar(40) NOT NULL,
  `ip_address` varchar(45) NOT NULL,
  `timestamp` int(10) unsigned NOT NULL DEFAULT '0',
  `data` blob NOT NULL,
  KEY `ci_sessions_timestamp` (`timestamp`)
) ENGINE=InnoDB DEFAULT CHARSET=latin1;
/*!40101 SET character_set_client = @saved_cs_client */;

--
-- Dumping data for table `ci_sessions`
--

LOCK TABLES `ci_sessions` WRITE;
/*!40000 ALTER TABLE `ci_sessions` DISABLE KEYS */;
INSERT INTO `ci_sessions` VALUES ('11efdc791bb2d5c5f63c2cfb18c6d01bebecd619','127.0.0.1',1464049611,'__ci_last_regenerate|i:1464049611;username|s:4:\"ordi\";designation|s:1:\"1\";is_logged_in|b:1;'),('2d59e8df90d9ac37fe1927342a1dc4e36b3d7b60','127.0.0.1',1464050411,'__ci_last_regenerate|i:1464050411;username|s:4:\"ordi\";designation|s:1:\"1\";is_logged_in|b:1;'),('45e7badcd698ec7ce7dce2dc706b50c5de93e8e1','127.0.0.1',1464052085,'__ci_last_regenerate|i:1464052085;username|s:4:\"ordi\";designation|s:1:\"1\";is_logged_in|b:1;'),('2467177529d727623191162b3d2b8d080749849d','127.0.0.1',1464052085,'__ci_last_regenerate|i:1464052085;username|s:4:\"ordi\";designation|s:1:\"1\";is_logged_in|b:1;'),('ee894fc46116cce53b7f2657205c4902e370e85c','127.0.0.1',1464052093,'__ci_last_regenerate|i:1464052093;username|s:4:\"ordi\";designation|s:1:\"1\";is_logged_in|b:1;'),('0d0177c02cc9e53c6499e176880dd47a6c65473f','127.0.0.1',1464052758,'__ci_last_regenerate|i:1464052758;username|s:4:\"ordi\";designation|s:1:\"1\";is_logged_in|b:1;'),('8fa066b59b67a127aa78af822b2b942bbaf2ffe5','127.0.0.1',1464053321,'__ci_last_regenerate|i:1464053129;username|s:4:\"ordi\";designation|s:1:\"1\";is_logged_in|b:1;'),('c7d9e130a1c8df79efd851db3e733f2d6acd3840','127.0.0.1',1464053877,'__ci_last_regenerate|i:1464053470;username|s:4:\"ordi\";designation|s:1:\"1\";is_logged_in|b:1;'),('0e6c9276bfc531f1fa60657ca2a231258dfcef5f','127.0.0.1',1464055678,'__ci_last_regenerate|i:1464055671;username|s:4:\"ordi\";designation|s:1:\"1\";is_logged_in|b:1;'),('d733510396a09586f4ce49d52471b817b98aa1d0','127.0.0.1',1464058038,'__ci_last_regenerate|i:1464057958;'),('e8a4436616d5aaecc0ee6ecdd78fcfa1040aca91','127.0.0.1',1464060753,'__ci_last_regenerate|i:1464060651;username|s:4:\"ordi\";designation|s:1:\"1\";is_logged_in|b:1;'),('f289ee32c959a802f52026bc9d3e3829ff031635','127.0.0.1',1464063424,'__ci_last_regenerate|i:1464063131;username|s:4:\"ordi\";designation|s:1:\"1\";is_logged_in|b:1;'),('ebd247b5e16564de70cfb848093dcf5f194b297d','127.0.0.1',1464065020,'__ci_last_regenerate|i:1464064974;username|s:4:\"ordi\";designation|s:1:\"1\";is_logged_in|b:1;'),('99414ab18593543f6d55d695a49a07e8ff1313e0','127.0.0.1',1464077232,'__ci_last_regenerate|i:1464077192;username|s:4:\"ordi\";designation|s:1:\"1\";is_logged_in|b:1;'),('c2b0dd4219f3b4c897a5da791918f97440fe5216','127.0.0.1',1464080026,'__ci_last_regenerate|i:1464080019;username|s:4:\"ordi\";designation|s:1:\"1\";is_logged_in|b:1;'),('b1c63494b81b5c3bb900443de086a6698c61a18a','127.0.0.1',1464080527,'__ci_last_regenerate|i:1464080520;username|s:4:\"ordi\";designation|s:1:\"1\";is_logged_in|b:1;'),('ca49b55eed7e3cba8756c7fcfa9969ddfbf6fb8d','127.0.0.1',1464081234,'__ci_last_regenerate|i:1464080955;username|s:4:\"ordi\";designation|s:1:\"1\";is_logged_in|b:1;'),('f28e33780902de985a9270945977b8ea394477e1','127.0.0.1',1464081599,'__ci_last_regenerate|i:1464081358;username|s:4:\"ordi\";designation|s:1:\"1\";is_logged_in|b:1;'),('00cf0992d1282c6a65782886960a539a810e9d12','127.0.0.1',1464081991,'__ci_last_regenerate|i:1464081713;username|s:4:\"ordi\";designation|s:1:\"1\";is_logged_in|b:1;'),('c92800434a2784b098a1ff7da18f98e7526ce008','127.0.0.1',1464082511,'__ci_last_regenerate|i:1464082351;username|s:4:\"ordi\";designation|s:1:\"1\";is_logged_in|b:1;'),('f8f6f70a37e7dc5ba0438fcbcdf2e7e9b20602c2','127.0.0.1',1464082962,'__ci_last_regenerate|i:1464082750;username|s:4:\"ordi\";designation|s:1:\"1\";is_logged_in|b:1;'),('ed25c8097bb9e4c2991c10737ab9c18b61720e8b','127.0.0.1',1464083285,'__ci_last_regenerate|i:1464083060;username|s:4:\"ordi\";designation|s:1:\"1\";is_logged_in|b:1;'),('247f3b89255c60506baf7ee1148c7150d5b3bda8','127.0.0.1',1464083690,'__ci_last_regenerate|i:1464083509;username|s:4:\"ordi\";designation|s:1:\"1\";is_logged_in|b:1;'),('13ab1582f9f91c0e81785aa0af5882db353a85c4','127.0.0.1',1464084187,'__ci_last_regenerate|i:1464083889;username|s:4:\"ordi\";designation|s:1:\"1\";is_logged_in|b:1;'),('93fa1e849f0a917e51da213b1be342a21685eaca','127.0.0.1',1464084334,'__ci_last_regenerate|i:1464084331;username|s:4:\"ordi\";designation|s:1:\"1\";is_logged_in|b:1;'),('a1c80a0fd02cbb825d6b16c2f80e84d634674b2c','127.0.0.1',1464085629,'__ci_last_regenerate|i:1464085624;username|s:4:\"ordi\";designation|s:1:\"1\";is_logged_in|b:1;'),('181060aa67ebeb90d9d6e9f349cb4a276df8cc8f','127.0.0.1',1464086229,'__ci_last_regenerate|i:1464086022;username|s:4:\"ordi\";designation|s:1:\"1\";is_logged_in|b:1;'),('ea17167fdbf11c136386e02441787edaa132378b','127.0.0.1',1464086860,'__ci_last_regenerate|i:1464086585;username|s:4:\"ordi\";designation|s:1:\"1\";is_logged_in|b:1;'),('d010d5b89fb3edbeed4528972b93d7e2d49f1081','127.0.0.1',1464087084,'__ci_last_regenerate|i:1464086917;username|s:4:\"ordi\";designation|s:1:\"1\";is_logged_in|b:1;'),('f0ef68e86cee5bf2397dc90fbb4ff98a28121914','127.0.0.1',1464087537,'__ci_last_regenerate|i:1464087283;username|s:4:\"ordi\";designation|s:1:\"1\";is_logged_in|b:1;'),('7ba1ac83646431ad7b32f7f2ae366c9e675b20ac','127.0.0.1',1464087655,'__ci_last_regenerate|i:1464087616;username|s:4:\"ordi\";designation|s:1:\"1\";is_logged_in|b:1;'),('8bfff9399a92afd02a271b9a681df6a0b7c125dd','127.0.0.1',1464088681,'__ci_last_regenerate|i:1464088444;username|s:4:\"ordi\";designation|s:1:\"1\";is_logged_in|b:1;'),('8017e5830abd6ec285ee8e500f713c33e4ac5dd2','127.0.0.1',1464088839,'__ci_last_regenerate|i:1464088836;username|s:4:\"ordi\";designation|s:1:\"1\";is_logged_in|b:1;'),('7f477d3df5566d6da329f277f50bcfd66277352e','127.0.0.1',1464089421,'__ci_last_regenerate|i:1464089279;username|s:4:\"ordi\";designation|s:1:\"1\";is_logged_in|b:1;'),('840228b148d4ca680f2144fc7eda48fc2490379d','127.0.0.1',1464089915,'__ci_last_regenerate|i:1464089768;username|s:4:\"ordi\";designation|s:1:\"1\";is_logged_in|b:1;'),('3b6dac33a99f91162ec2a8888f4315d0a570f9da','127.0.0.1',1464090229,'__ci_last_regenerate|i:1464090141;username|s:4:\"ordi\";designation|s:1:\"1\";is_logged_in|b:1;'),('9edec83c785cb5d39252f99ff86ae84f8538cb3f','127.0.0.1',1464090634,'__ci_last_regenerate|i:1464090628;username|s:4:\"ordi\";designation|s:1:\"1\";is_logged_in|b:1;'),('b0fd3f9ef1bacca6678110a4e6784c341a7799f7','127.0.0.1',1464090937,'__ci_last_regenerate|i:1464090931;username|s:4:\"ordi\";designation|s:1:\"1\";is_logged_in|b:1;'),('1b2b7efde856c01151624d6389d506c6bd6c680b','127.0.0.1',1464091945,'__ci_last_regenerate|i:1464091749;username|s:4:\"ordi\";designation|s:1:\"1\";is_logged_in|b:1;'),('49ad1751b5e42d32dad0c9425f8114e71754c0e1','127.0.0.1',1464095850,'__ci_last_regenerate|i:1464095849;username|s:4:\"ordi\";designation|s:1:\"1\";is_logged_in|b:1;'),('25cabe8ee839c2a76f92b47015a62dbfdacfa060','127.0.0.1',1464098061,'__ci_last_regenerate|i:1464098030;username|s:4:\"ordi\";designation|s:1:\"1\";is_logged_in|b:1;'),('7b3e836f7ea8ed2ef517a2f4b31f2175cf9a6bc7','127.0.0.1',1464098786,'__ci_last_regenerate|i:1464098637;username|s:4:\"ordi\";designation|s:1:\"1\";is_logged_in|b:1;'),('4950fbacb8150f84780bfd3791eafaf2924addf1','127.0.0.1',1464099277,'__ci_last_regenerate|i:1464098979;username|s:4:\"ordi\";designation|s:1:\"1\";is_logged_in|b:1;'),('28ab3cea618a79fd53bbe08d2eb8ef5ea5c98d7f','127.0.0.1',1464099373,'__ci_last_regenerate|i:1464099286;username|s:4:\"ordi\";designation|s:1:\"1\";is_logged_in|b:1;'),('7cb41693b8b72f18713867c26896b42d0530ad58','127.0.0.1',1464100330,'__ci_last_regenerate|i:1464100330;username|s:4:\"ordi\";designation|s:1:\"1\";is_logged_in|b:1;'),('d07588030054f6f96c072375d47009136a7f9de8','127.0.0.1',1464101035,'__ci_last_regenerate|i:1464100740;username|s:4:\"ordi\";designation|s:1:\"1\";is_logged_in|b:1;'),('fb87309ae06645bed591236817026fc87d399b47','127.0.0.1',1464101592,'__ci_last_regenerate|i:1464101297;username|s:4:\"ordi\";designation|s:1:\"1\";is_logged_in|b:1;'),('0bd2f3c4c275c23259a949626e9d66c559211d75','127.0.0.1',1464101719,'__ci_last_regenerate|i:1464101663;username|s:4:\"ordi\";designation|s:1:\"1\";is_logged_in|b:1;'),('6eb42b51c7bd22bcef4350866e07789c5f2ae474','127.0.0.1',1464102868,'__ci_last_regenerate|i:1464102577;username|s:6:\"unique\";designation|s:1:\"5\";is_logged_in|b:1;'),('6de5cb7b071bb531d478795fade1d964f4db6a97','127.0.0.1',1464103362,'__ci_last_regenerate|i:1464103069;username|s:6:\"unique\";designation|s:1:\"5\";is_logged_in|b:1;'),('4da4fa908bde928945d182bbe9c0aec52a118df6','127.0.0.1',1464103782,'__ci_last_regenerate|i:1464103485;username|s:6:\"unique\";designation|s:1:\"5\";is_logged_in|b:1;'),('8779136b72a855136f233a3c6d8df3ceb3ce8b8c','127.0.0.1',1464103828,'__ci_last_regenerate|i:1464103788;username|s:6:\"unique\";designation|s:1:\"5\";is_logged_in|b:1;'),('df43d2d0f03e50b029e705ba7c163f1f9bc86d39','127.0.0.1',1464104761,'__ci_last_regenerate|i:1464104540;username|s:6:\"unique\";designation|s:1:\"5\";is_logged_in|b:1;'),('aa198d8aa0baa13180b2327ae88e0ca26965ea7d','127.0.0.1',1464104995,'__ci_last_regenerate|i:1464104956;username|s:6:\"unique\";designation|s:1:\"5\";is_logged_in|b:1;'),('5bd925ef631677521ca3d5a586fc616f19b240d9','127.0.0.1',1464105525,'__ci_last_regenerate|i:1464105385;username|s:6:\"unique\";designation|s:1:\"5\";is_logged_in|b:1;'),('cdac0f62ebdf8de5592ae5e4277b586e18148f04','127.0.0.1',1464107295,'__ci_last_regenerate|i:1464107149;username|s:4:\"ordi\";designation|s:1:\"1\";is_logged_in|b:1;'),('05a1b6f062951fc2059311282ce097c256b90212','127.0.0.1',1464108434,'__ci_last_regenerate|i:1464108188;username|s:7:\"manager\";designation|s:1:\"4\";is_logged_in|b:1;'),('e9504d682e3d57190ff6e574fc4d38713bca4f89','127.0.0.1',1464109408,'__ci_last_regenerate|i:1464109120;username|s:7:\"manager\";designation|s:1:\"4\";is_logged_in|b:1;'),('55c25ee210b2a08ff0805d7494b8b6bfdf6803cb','127.0.0.1',1464110227,'__ci_last_regenerate|i:1464110054;username|s:5:\"super\";designation|s:1:\"3\";is_logged_in|b:1;'),('48896bf256d28054f1643d6388dc3faa041e374a','127.0.0.1',1464110418,'__ci_last_regenerate|i:1464110418;username|s:5:\"super\";designation|s:1:\"3\";is_logged_in|b:1;'),('ddf96ef3664ff55627c3ae35903dfda898742017','127.0.0.1',1464113809,'__ci_last_regenerate|i:1464113621;username|s:5:\"super\";designation|s:1:\"3\";is_logged_in|b:1;'),('0034736ec63f8b828f42e8fba14a8a09df608c2c','127.0.0.1',1464114282,'__ci_last_regenerate|i:1464114243;username|s:4:\"ordi\";designation|s:1:\"1\";is_logged_in|b:1;'),('72c207a9fda5b12e063b1186223c65b472ba5d6e','127.0.0.1',1464114847,'__ci_last_regenerate|i:1464114721;username|s:7:\"inspect\";designation|s:1:\"2\";is_logged_in|b:1;'),('b6c940369df2590db08e3ae16a3db1be5d609a6c','127.0.0.1',1464115172,'__ci_last_regenerate|i:1464115123;username|s:7:\"inspect\";designation|s:1:\"2\";is_logged_in|b:1;'),('7020628ab3b9494f324441ea2843d107944c9cbf','127.0.0.1',1464115919,'__ci_last_regenerate|i:1464115919;username|s:7:\"inspect\";designation|s:1:\"2\";is_logged_in|b:1;'),('7e0d287450f5cf82325a21ab5a1c9fe640d71f29','127.0.0.1',1464116525,'__ci_last_regenerate|i:1464116235;username|s:7:\"inspect\";designation|s:1:\"2\";is_logged_in|b:1;'),('4279471b2fc696dcdf3551bfdebbf9e9d89cefa4','127.0.0.1',1464116921,'__ci_last_regenerate|i:1464116920;username|s:7:\"inspect\";designation|s:1:\"2\";is_logged_in|b:1;'),('255af756c3604993cbd925bcf06b850c2eb44e90','127.0.0.1',1464117907,'__ci_last_regenerate|i:1464117644;username|s:7:\"inspect\";designation|s:1:\"2\";is_logged_in|b:1;'),('83de5bb0cf9940235981403149d73abd436e60f6','127.0.0.1',1464118769,'__ci_last_regenerate|i:1464118541;username|s:7:\"inspect\";designation|s:1:\"2\";is_logged_in|b:1;'),('c387fdb58fd6b0792569853385424e50f82d2c74','127.0.0.1',1464119284,'__ci_last_regenerate|i:1464119087;username|s:7:\"inspect\";designation|s:1:\"2\";is_logged_in|b:1;'),('ab91789d4c3d1176126d3b7f6709dfa1d993a7ba','127.0.0.1',1464119530,'__ci_last_regenerate|i:1464119412;username|s:7:\"inspect\";designation|s:1:\"2\";id|s:1:\"9\";is_logged_in|b:1;'),('12560e032c6c85d3ce4d124e959d7e19a2d95fa1','127.0.0.1',1464120190,'__ci_last_regenerate|i:1464119984;username|s:7:\"inspect\";designation|s:1:\"2\";id|s:1:\"9\";is_logged_in|b:1;'),('473550e8e889d3648ac34ef5fdecc35b49763635','127.0.0.1',1464120472,'__ci_last_regenerate|i:1464120435;username|s:7:\"inspect\";designation|s:1:\"2\";id|s:1:\"9\";is_logged_in|b:1;'),('3c47b75440c761c9cd761843409aa1218304d997','127.0.0.1',1464120945,'__ci_last_regenerate|i:1464120854;username|s:7:\"inspect\";designation|s:1:\"2\";id|s:1:\"9\";is_logged_in|b:1;'),('04199277959e120084d1e99e2c7125cce855b1eb','127.0.0.1',1464122069,'__ci_last_regenerate|i:1464121903;username|s:7:\"inspect\";designation|s:1:\"2\";id|s:1:\"9\";is_logged_in|b:1;'),('ab064d7c51d72c017b3da0a97e089e296450a7f8','127.0.0.1',1464122588,'__ci_last_regenerate|i:1464122300;username|s:7:\"inspect\";designation|s:1:\"2\";id|s:1:\"9\";is_logged_in|b:1;'),('e1e90007d9c09c428b89db584f1f720f38709e1f','127.0.0.1',1464122754,'__ci_last_regenerate|i:1464122754;username|s:7:\"inspect\";designation|s:1:\"2\";id|s:1:\"9\";is_logged_in|b:1;'),('d48339ee7d02e18e324d5e93376001c2c30ece9c','127.0.0.1',1464123120,'__ci_last_regenerate|i:1464123084;username|s:4:\"ordi\";designation|s:1:\"1\";id|s:1:\"5\";is_logged_in|b:1;'),('dd6037e3abc68e9e696cb809878935af0e78ff48','127.0.0.1',1464123801,'__ci_last_regenerate|i:1464123563;username|s:4:\"ordi\";designation|s:1:\"1\";id|s:1:\"5\";is_logged_in|b:1;'),('12d4d983a64eda5f576749b6ba098cb1dfdde1b4','127.0.0.1',1464124144,'__ci_last_regenerate|i:1464123873;username|s:4:\"ordi\";designation|s:1:\"1\";id|s:1:\"5\";is_logged_in|b:1;'),('3de609b699a06afb094ade5433c9c6936d9d685c','127.0.0.1',1464124437,'__ci_last_regenerate|i:1464124174;username|s:4:\"ordi\";designation|s:1:\"1\";id|s:1:\"5\";is_logged_in|b:1;'),('44ce5c3e137f062a8b50242bfaba9a28fa15fd0a','127.0.0.1',1464124712,'__ci_last_regenerate|i:1464124712;username|s:4:\"ordi\";designation|s:1:\"1\";id|s:1:\"5\";is_logged_in|b:1;'),('b783c83e8120ee5a03e217af774d73884dfcdb22','127.0.0.1',1464125328,'__ci_last_regenerate|i:1464125029;username|s:7:\"inspect\";designation|s:1:\"2\";id|s:1:\"9\";is_logged_in|b:1;'),('6553629239531d4d83624542335e22de900f67fb','127.0.0.1',1464125581,'__ci_last_regenerate|i:1464125339;username|s:4:\"ordi\";designation|s:1:\"1\";id|s:1:\"5\";is_logged_in|b:1;'),('8e3abc0ee0b0145d90605fcdf01187ac3f87918a','127.0.0.1',1464125976,'__ci_last_regenerate|i:1464125976;username|s:4:\"ordi\";designation|s:1:\"1\";id|s:1:\"5\";is_logged_in|b:1;'),('e41bb983e6a92817a3707e4be92feb850ca7c115','127.0.0.1',1464127426,'__ci_last_regenerate|i:1464127183;username|s:4:\"ordi\";designation|s:1:\"1\";id|s:1:\"5\";is_logged_in|b:1;'),('b46bb553b9c157ac86724ceb6d4693ca5ca2ae25','127.0.0.1',1464127942,'__ci_last_regenerate|i:1464127775;username|s:4:\"ordi\";designation|s:1:\"1\";id|s:1:\"5\";is_logged_in|b:1;'),('7cd022b3ad32af4fb59a7c3bc697b9e2baea26db','127.0.0.1',1464128369,'__ci_last_regenerate|i:1464128125;username|s:4:\"ordi\";designation|s:1:\"1\";id|s:1:\"5\";is_logged_in|b:1;'),('b36b2b6afa18de42f86b48c562af2c5baaa69af1','127.0.0.1',1464128499,'__ci_last_regenerate|i:1464128499;username|s:4:\"ordi\";designation|s:1:\"1\";id|s:1:\"5\";is_logged_in|b:1;'),('3af374da6529757bf44a13667ba3e48a1556927c','127.0.0.1',1464129412,'__ci_last_regenerate|i:1464129256;username|s:4:\"ordi\";designation|s:1:\"1\";id|s:1:\"5\";is_logged_in|b:1;'),('fce36702f4093497c3f1597c75e249df1f2055bd','127.0.0.1',1464129858,'__ci_last_regenerate|i:1464129615;'),('cc679ec301bbf6b863fb78164473bae1696e6a58','127.0.0.1',1464130088,'__ci_last_regenerate|i:1464129971;username|s:6:\"client\";designation|s:1:\"6\";id|s:2:\"13\";is_logged_in|b:1;'),('2c1bd50784daef4501ca8f0da7c79556991b740e','127.0.0.1',1464131758,'__ci_last_regenerate|i:1464131609;username|s:6:\"client\";designation|s:1:\"6\";id|s:2:\"13\";is_logged_in|b:1;'),('f2d520a7b0f9f594d2f8b2a5e95d1c78674715e2','127.0.0.1',1464133058,'__ci_last_regenerate|i:1464133058;username|s:6:\"client\";designation|s:1:\"6\";id|s:2:\"13\";is_logged_in|b:1;'),('c7965d1a43bb928be499b148091a32d117fa9c13','127.0.0.1',1464133696,'__ci_last_regenerate|i:1464133696;'),('953398f61e2fae7ba0786bbaff4bbc5299935484','127.0.0.1',1464134385,'__ci_last_regenerate|i:1464134364;username|s:4:\"ordi\";designation|s:1:\"1\";id|s:1:\"5\";is_logged_in|b:1;'),('4114923094ef90c31375b9b3a1b7aa4360c4ff5d','127.0.0.1',1464137533,'__ci_last_regenerate|i:1464137387;username|s:4:\"ordi\";designation|s:1:\"1\";id|s:1:\"5\";is_logged_in|b:1;'),('3200e08f8b00ed4fd5a9ea499f3cc8c93f3ce786','127.0.0.1',1464138363,'__ci_last_regenerate|i:1464138244;username|s:4:\"ordi\";designation|s:1:\"1\";id|s:1:\"5\";is_logged_in|b:1;'),('02dda1b814498cf2b0b3756ace48d7fe002f77ac','127.0.0.1',1464138857,'__ci_last_regenerate|i:1464138649;'),('c05f85556dda9bb3696ed78666222fae9479edb1','127.0.0.1',1464139572,'__ci_last_regenerate|i:1464139347;'),('e88c660c351c3aafd6fac5fc79bafa4664ac7d5c','127.0.0.1',1464139838,'__ci_last_regenerate|i:1464139657;'),('b72a3265e0ed3676ee3a6c0885a1dfa4d2d05306','127.0.0.1',1464140241,'__ci_last_regenerate|i:1464139975;'),('67adb9a61761d7dd631b9a0e50e5f879bd4bda99','127.0.0.1',1464140595,'__ci_last_regenerate|i:1464140413;'),('79efe00f4d13c16bb7940af5158311503fda542a','127.0.0.1',1464142204,'__ci_last_regenerate|i:1464142151;username|s:4:\"ordi\";designation|s:1:\"1\";id|s:1:\"5\";is_logged_in|b:1;'),('c9d6f3d1f5acd1225f6aeb96002365505f713fa7','127.0.0.1',1464155639,'__ci_last_regenerate|i:1464155544;username|s:4:\"ordi\";designation|s:1:\"1\";id|s:1:\"5\";is_logged_in|b:1;'),('8b54d4d00aae820316bcb92b06c864212a2ffcba','127.0.0.1',1464157415,'__ci_last_regenerate|i:1464157153;username|s:4:\"ordi\";designation|s:1:\"1\";id|s:1:\"5\";is_logged_in|b:1;'),('d33a41ee9a2cded2c5047f2c5457335396d6c780','127.0.0.1',1464157712,'__ci_last_regenerate|i:1464157594;username|s:4:\"ordi\";designation|s:1:\"1\";id|s:1:\"5\";is_logged_in|b:1;'),('15aad5245713872e6e47ef5b3633e47c5037b176','127.0.0.1',1464158287,'__ci_last_regenerate|i:1464157999;username|s:4:\"ordi\";designation|s:1:\"1\";id|s:1:\"5\";is_logged_in|b:1;'),('dc58800106417c5e4e3f4abae4f1a0247526bc5e','127.0.0.1',1464158465,'__ci_last_regenerate|i:1464158347;username|s:4:\"ordi\";designation|s:1:\"1\";id|s:1:\"5\";is_logged_in|b:1;'),('8d70fac0ac09d01bdfbb12438c62bad079638918','127.0.0.1',1464166069,'__ci_last_regenerate|i:1464165961;username|s:4:\"ordi\";designation|s:1:\"1\";id|s:1:\"5\";is_logged_in|b:1;'),('89c5f1f2fb900615a59b26d42627b8199b86edc0','127.0.0.1',1464166751,'__ci_last_regenerate|i:1464166523;username|s:4:\"ordi\";designation|s:1:\"1\";id|s:1:\"5\";is_logged_in|b:1;'),('df15bb8e766ea2f6a39a83bc358b16c376939ea6','127.0.0.1',1464167095,'__ci_last_regenerate|i:1464166836;username|s:4:\"ordi\";designation|s:1:\"1\";id|s:1:\"5\";is_logged_in|b:1;'),('944afe9ba8ada3d08a53cbab2446d3fab6ce25e5','127.0.0.1',1464167446,'__ci_last_regenerate|i:1464167194;username|s:4:\"ordi\";designation|s:1:\"1\";id|s:1:\"5\";is_logged_in|b:1;'),('5788781c80020cc565aa9602eb7c89930452b651','127.0.0.1',1464167622,'__ci_last_regenerate|i:1464167539;username|s:4:\"ordi\";designation|s:1:\"1\";id|s:1:\"5\";is_logged_in|b:1;'),('2e05dd94b06589aa6182db07a01eace61cc78326','127.0.0.1',1464169285,'__ci_last_regenerate|i:1464169211;username|s:4:\"ordi\";designation|s:1:\"1\";id|s:1:\"5\";is_logged_in|b:1;'),('58280b7453b7dd4dd1d1da6ecbf74c6a325e02cd','127.0.0.1',1464169844,'__ci_last_regenerate|i:1464169690;username|s:4:\"haha\";designation|s:1:\"6\";id|s:2:\"15\";is_logged_in|b:1;'),('e0b8d792f65532ed26956fee63de45f04023358d','127.0.0.1',1464170747,'__ci_last_regenerate|i:1464170513;username|s:4:\"haha\";designation|s:1:\"6\";id|s:2:\"15\";is_logged_in|b:1;'),('f6b6e4a08bb0dbe46ee94975141cd3f3453aa336','127.0.0.1',1464170947,'__ci_last_regenerate|i:1464170837;username|s:4:\"haha\";designation|s:1:\"6\";id|s:2:\"15\";is_logged_in|b:1;'),('eeff024b7212a6cc19fda3bed22acfd2c7f1af7e','127.0.0.1',1464171420,'__ci_last_regenerate|i:1464171207;username|s:4:\"haha\";designation|s:1:\"6\";id|s:2:\"15\";is_logged_in|b:1;'),('06f3316f80b29bd4bbdc43d56c40106ee697f20d','127.0.0.1',1464171728,'__ci_last_regenerate|i:1464171558;username|s:4:\"haha\";designation|s:1:\"6\";id|s:2:\"15\";is_logged_in|b:1;'),('b4e851c737924200add2a979a8c97b68a95b1bdb','127.0.0.1',1464171942,'__ci_last_regenerate|i:1464171926;username|s:4:\"haha\";designation|s:1:\"6\";id|s:2:\"15\";is_logged_in|b:1;'),('43e8d485771b7792fd6dd13b6e9ead0cf353c7dd','127.0.0.1',1464172331,'__ci_last_regenerate|i:1464172266;username|s:4:\"haha\";designation|s:1:\"6\";id|s:2:\"15\";is_logged_in|b:1;'),('050ea790aeb5c9b7eca165e9063cf7f377dfe95f','127.0.0.1',1464173271,'__ci_last_regenerate|i:1464172994;username|s:4:\"haha\";designation|s:1:\"6\";id|s:2:\"15\";is_logged_in|b:1;'),('a41fae463c14bff15a51945e35e87e90f7a06d6f','127.0.0.1',1464173403,'__ci_last_regenerate|i:1464173315;username|s:4:\"haha\";designation|s:1:\"6\";id|s:2:\"15\";is_logged_in|b:1;'),('4689a9fc10c8c38c4e3961608a3dacde1dc3ebd7','127.0.0.1',1464174462,'__ci_last_regenerate|i:1464174193;username|s:4:\"haha\";designation|s:1:\"6\";id|s:2:\"15\";is_logged_in|b:1;'),('5b4ea5a4d26b44810136a64f15385597b11451d9','127.0.0.1',1464174773,'__ci_last_regenerate|i:1464174501;username|s:4:\"haha\";designation|s:1:\"6\";id|s:2:\"15\";is_logged_in|b:1;'),('fae195fbc5b501b1593f22b06caf7f015f51322d','127.0.0.1',1464175019,'__ci_last_regenerate|i:1464174837;username|s:4:\"haha\";designation|s:1:\"6\";id|s:2:\"15\";is_logged_in|b:1;'),('54a7458d4fdf03302d5ab564f1cb290a919cba93','127.0.0.1',1464175239,'__ci_last_regenerate|i:1464175231;'),('e808c443875c8d3eae1e15387d98a9999f148a1c','127.0.0.1',1464175750,'__ci_last_regenerate|i:1464175740;username|s:4:\"ordi\";designation|s:1:\"1\";id|s:1:\"5\";is_logged_in|b:1;'),('1ee49f57225efe640b2d062c9ac4f542879a3e77','127.0.0.1',1464177791,'__ci_last_regenerate|i:1464177570;username|s:4:\"ordi\";designation|s:1:\"1\";id|s:1:\"5\";is_logged_in|b:1;'),('86ade807bb96c4af6b956f969ac43be55bf22140','127.0.0.1',1464178110,'__ci_last_regenerate|i:1464177928;username|s:4:\"ordi\";designation|s:1:\"1\";id|s:1:\"5\";is_logged_in|b:1;'),('e166d796ce3e5d55b32350f7518b62e2e417e95e','127.0.0.1',1464183700,'__ci_last_regenerate|i:1464183402;username|s:4:\"ordi\";designation|s:1:\"1\";id|s:1:\"5\";is_logged_in|b:1;'),('19d391d124af52e809ab8f201900bf3d980c6afe','127.0.0.1',1464184003,'__ci_last_regenerate|i:1464183706;username|s:4:\"ordi\";designation|s:1:\"1\";id|s:1:\"5\";is_logged_in|b:1;'),('b69a5a41fd63c1112ae2c0811e48bd577190f40a','127.0.0.1',1464184346,'__ci_last_regenerate|i:1464184061;username|s:4:\"ordi\";designation|s:1:\"1\";id|s:1:\"5\";is_logged_in|b:1;'),('04e527dfb8e4a4a050860504741d8900f217f94a','127.0.0.1',1464184676,'__ci_last_regenerate|i:1464184433;username|s:4:\"ordi\";designation|s:1:\"1\";id|s:1:\"5\";is_logged_in|b:1;'),('e6de85bd6ac8e50392997dae20534abe3f52b3c8','127.0.0.1',1464184998,'__ci_last_regenerate|i:1464184754;username|s:4:\"ordi\";designation|s:1:\"1\";id|s:1:\"5\";is_logged_in|b:1;'),('ccca76403153b9c00037ee9bc14f18f3f691ab61','127.0.0.1',1464185376,'__ci_last_regenerate|i:1464185087;username|s:4:\"ordi\";designation|s:1:\"1\";id|s:1:\"5\";is_logged_in|b:1;'),('e42b773755828e391f23c89efab4953fe2e17e1b','127.0.0.1',1464185552,'__ci_last_regenerate|i:1464185388;username|s:4:\"ordi\";designation|s:1:\"1\";id|s:1:\"5\";is_logged_in|b:1;'),('a7ad3452d6f7041d051dbaca4276d61ff8d6cfc2','127.0.0.1',1464185982,'__ci_last_regenerate|i:1464185717;username|s:4:\"ordi\";designation|s:1:\"1\";id|s:1:\"5\";is_logged_in|b:1;'),('c383e62f7e780620fd12a2f79a91babe2d13b812','127.0.0.1',1464186243,'__ci_last_regenerate|i:1464186045;username|s:4:\"ordi\";designation|s:1:\"1\";id|s:1:\"5\";is_logged_in|b:1;'),('220dca39089fa4b8c42834114e03bc39e07a6f63','127.0.0.1',1464186692,'__ci_last_regenerate|i:1464186667;username|s:4:\"ordi\";designation|s:1:\"1\";id|s:1:\"5\";is_logged_in|b:1;'),('c12b5080724e00662fbf171ee06321e294dfa25c','127.0.0.1',1464188412,'__ci_last_regenerate|i:1464188358;username|s:4:\"ordi\";designation|s:1:\"1\";id|s:1:\"5\";is_logged_in|b:1;'),('00ab19f96a9205ca80cd66ffe584ce6df0737a13','127.0.0.1',1464191998,'__ci_last_regenerate|i:1464191761;username|s:4:\"ordi\";designation|s:1:\"1\";id|s:1:\"5\";is_logged_in|b:1;'),('109808455ebdf6be055896de2b630b6040ec1967','127.0.0.1',1464192283,'__ci_last_regenerate|i:1464192258;username|s:4:\"ordi\";designation|s:1:\"1\";id|s:1:\"5\";is_logged_in|b:1;'),('7db4949bb8b0591cd574b0a25fb1bdcaf109e96d','127.0.0.1',1464193019,'__ci_last_regenerate|i:1464192728;username|s:4:\"ordi\";designation|s:1:\"1\";id|s:1:\"5\";is_logged_in|b:1;'),('62bb2b8c9e7dd388cefc81e74fe4c8991d507b1c','127.0.0.1',1464193309,'__ci_last_regenerate|i:1464193029;username|s:4:\"ordi\";designation|s:1:\"1\";id|s:1:\"5\";is_logged_in|b:1;'),('4ab530f0baf8bbe4f449ca8807537deb9eef288d','127.0.0.1',1464196109,'__ci_last_regenerate|i:1464195809;username|s:4:\"ordi\";designation|s:1:\"1\";id|s:1:\"5\";is_logged_in|b:1;'),('18f7bbe0ef3cd42ae606ad271c7c9486a220eafb','127.0.0.1',1464196328,'__ci_last_regenerate|i:1464196115;username|s:4:\"ordi\";designation|s:1:\"1\";id|s:1:\"5\";is_logged_in|b:1;'),('6b83af708ef6d0568ad2af554f490b549ca93c31','127.0.0.1',1464196583,'__ci_last_regenerate|i:1464196334;username|s:4:\"ordi\";designation|s:1:\"1\";id|s:1:\"5\";is_logged_in|b:1;'),('15d439546df87c91092176be2eeabe32c20de6af','127.0.0.1',1464196856,'__ci_last_regenerate|i:1464196591;username|s:4:\"ordi\";designation|s:1:\"1\";id|s:1:\"5\";is_logged_in|b:1;'),('6412ea91fabcc682779557f111dcf0cdfac95065','127.0.0.1',1464196932,'__ci_last_regenerate|i:1464196932;username|s:4:\"ordi\";designation|s:1:\"1\";id|s:1:\"5\";is_logged_in|b:1;'),('97a1dc35a5971e49de526c90ed4e2c4cd54fdbae','127.0.0.1',1464197857,'__ci_last_regenerate|i:1464197857;username|s:4:\"ordi\";designation|s:1:\"1\";id|s:1:\"5\";is_logged_in|b:1;'),('21a19095fd70334b66af9e773d862202d8d046d9','127.0.0.1',1464198479,'__ci_last_regenerate|i:1464198194;username|s:4:\"ordi\";designation|s:1:\"1\";id|s:1:\"5\";is_logged_in|b:1;'),('f3e61919c863f80fca38519baa366194be7ae8bd','127.0.0.1',1464198510,'__ci_last_regenerate|i:1464198505;username|s:4:\"ordi\";designation|s:1:\"1\";id|s:1:\"5\";is_logged_in|b:1;'),('70e9be211dd25ea860f3ccd4c3d4e4231bbd1c78','127.0.0.1',1464198852,'__ci_last_regenerate|i:1464198846;username|s:4:\"ordi\";designation|s:1:\"1\";id|s:1:\"5\";is_logged_in|b:1;'),('c13629c13361d39564cfcfdfd81fd0ea9fc68d4b','127.0.0.1',1464199643,'__ci_last_regenerate|i:1464199343;'),('e0619cb144fdf8c2f2702716e4dc99edda310a28','127.0.0.1',1464200139,'__ci_last_regenerate|i:1464199649;username|s:4:\"ordi\";designation|s:1:\"1\";id|s:1:\"5\";is_logged_in|b:1;'),('c0d5f3fb1e9c630974c7ca65cbf758cd00752661','127.0.0.1',1464200521,'__ci_last_regenerate|i:1464200256;username|s:4:\"ordi\";designation|s:1:\"1\";id|s:1:\"5\";is_logged_in|b:1;'),('bb437579543b18dc80cb6dc03a8df702e5edeb4a','127.0.0.1',1464201259,'__ci_last_regenerate|i:1464201230;username|s:4:\"ordi\";designation|s:1:\"1\";id|s:1:\"5\";is_logged_in|b:1;'),('a2d4c2d3108e4455d2ccb062e1756fb94d4213bc','127.0.0.1',1464205501,'__ci_last_regenerate|i:1464205255;username|s:4:\"ordi\";designation|s:1:\"1\";id|s:1:\"5\";is_logged_in|b:1;'),('544860436996148d081a7a5cdbcf0442fea6948e','127.0.0.1',1464206029,'__ci_last_regenerate|i:1464206026;username|s:4:\"ordi\";designation|s:1:\"1\";id|s:1:\"5\";is_logged_in|b:1;'),('e9244b8cf3182df22525860bfbe4e97f6af0244f','127.0.0.1',1464206378,'__ci_last_regenerate|i:1464206328;username|s:4:\"ordi\";designation|s:1:\"1\";id|s:1:\"5\";is_logged_in|b:1;'),('5f0fdee04434fa732735fc7f03f1334667d4e722','127.0.0.1',1464207201,'__ci_last_regenerate|i:1464207185;username|s:4:\"ordi\";designation|s:1:\"1\";id|s:1:\"5\";is_logged_in|b:1;'),('e9e97596052b0e89082aaa0e1d0d18ee0b5ef7a3','127.0.0.1',1464210370,'__ci_last_regenerate|i:1464210089;username|s:4:\"ordi\";designation|s:1:\"1\";id|s:1:\"5\";is_logged_in|b:1;'),('f4667def5b93de1786b9ae20b7c83ba0f766d460','127.0.0.1',1464211232,'__ci_last_regenerate|i:1464211222;username|s:4:\"ordi\";designation|s:1:\"1\";id|s:1:\"5\";is_logged_in|b:1;'),('28fe910df384e456f7775aa3a670fdbe231684ee','127.0.0.1',1464213879,'__ci_last_regenerate|i:1464213017;username|s:4:\"ordi\";designation|s:1:\"1\";id|s:1:\"5\";is_logged_in|b:1;'),('44e687e8871e528d7004e75029f54b67c5465e34','127.0.0.1',1464214541,'__ci_last_regenerate|i:1464214229;username|s:4:\"ordi\";designation|s:1:\"1\";id|s:1:\"5\";is_logged_in|b:1;'),('0c67988c44fc71bfc9a1cfcd3ff5e0172ad6a738','127.0.0.1',1464215449,'__ci_last_regenerate|i:1464214580;username|s:4:\"ordi\";designation|s:1:\"1\";id|s:1:\"5\";is_logged_in|b:1;'),('dfc2c3fcb537deb7c570a790820f964d01896e41','127.0.0.1',1464215807,'__ci_last_regenerate|i:1464215454;username|s:4:\"ordi\";designation|s:1:\"1\";id|s:1:\"5\";is_logged_in|b:1;'),('edd817d71a74ad93de4b991f80380c4b581c0d44','127.0.0.1',1464216171,'__ci_last_regenerate|i:1464215845;username|s:4:\"ordi\";designation|s:1:\"1\";id|s:1:\"5\";is_logged_in|b:1;'),('c9583766b608a42e19d63aa3d980e072c08d6fef','127.0.0.1',1464226281,'__ci_last_regenerate|i:1464226081;username|s:4:\"ordi\";designation|s:1:\"1\";id|s:1:\"5\";is_logged_in|b:1;'),('ea3e266e61b2b31e48e399841615e23dca6a5020','127.0.0.1',1464226724,'__ci_last_regenerate|i:1464226429;username|s:4:\"ordi\";designation|s:1:\"1\";id|s:1:\"5\";is_logged_in|b:1;'),('3face52a902fbe9d45ef46217403e3e16e8d0d52','127.0.0.1',1464227059,'__ci_last_regenerate|i:1464226767;username|s:4:\"ordi\";designation|s:1:\"1\";id|s:1:\"5\";is_logged_in|b:1;'),('d0c4f604545eb00fa622507d151ac184d2e1e892','127.0.0.1',1464227383,'__ci_last_regenerate|i:1464227095;username|s:4:\"ordi\";designation|s:1:\"1\";id|s:1:\"5\";is_logged_in|b:1;'),('8b9f56c1f3cce8b47b47207fd3278368851ba18d','127.0.0.1',1464227818,'__ci_last_regenerate|i:1464227440;username|s:4:\"ordi\";designation|s:1:\"1\";id|s:1:\"5\";is_logged_in|b:1;'),('ee7a4b3bd8c20b3c7a441c0edb874cef4f53cfa0','127.0.0.1',1464228102,'__ci_last_regenerate|i:1464227881;username|s:4:\"ordi\";designation|s:1:\"1\";id|s:1:\"5\";is_logged_in|b:1;'),('aead89b7535405dea4b87dabce420e17f9007e40','127.0.0.1',1464228721,'__ci_last_regenerate|i:1464228429;username|s:4:\"ordi\";designation|s:1:\"1\";id|s:1:\"5\";is_logged_in|b:1;'),('ef58981403f3439e91ab2010a91d06db9aec8402','127.0.0.1',1464228932,'__ci_last_regenerate|i:1464228852;username|s:4:\"ordi\";designation|s:1:\"1\";id|s:1:\"5\";is_logged_in|b:1;'),('b3604a1ca08f27ea57794a88e767e0df537fe2f6','127.0.0.1',1464229455,'__ci_last_regenerate|i:1464229181;username|s:4:\"ordi\";designation|s:1:\"1\";id|s:1:\"5\";is_logged_in|b:1;'),('5a23cc5a896efc11d0094b53d5c76c5105667114','127.0.0.1',1464229629,'__ci_last_regenerate|i:1464229485;username|s:4:\"ordi\";designation|s:1:\"1\";id|s:1:\"5\";is_logged_in|b:1;'),('2d3789753be5dac7d6afd122a76cafabfd5f90cc','127.0.0.1',1464229813,'__ci_last_regenerate|i:1464229809;username|s:4:\"ordi\";designation|s:1:\"1\";id|s:1:\"5\";is_logged_in|b:1;'),('f9c78f6bb278206bf6fbd4f9cfddad9884103f18','127.0.0.1',1464231750,'__ci_last_regenerate|i:1464231459;username|s:4:\"ordi\";designation|s:1:\"1\";id|s:1:\"5\";is_logged_in|b:1;'),('a48e86d4a0a509c2da66ccc22a17014e376e605b','127.0.0.1',1464232033,'__ci_last_regenerate|i:1464231950;username|s:4:\"ordi\";designation|s:1:\"1\";id|s:1:\"5\";is_logged_in|b:1;'),('0b2c51331a546f728328b977a870ed8a06a2a3d9','127.0.0.1',1464232527,'__ci_last_regenerate|i:1464232256;username|s:4:\"ordi\";designation|s:1:\"1\";id|s:1:\"5\";is_logged_in|b:1;'),('7645ad4334a594e961a0cf10148f1b674d3137ab','127.0.0.1',1464233113,'__ci_last_regenerate|i:1464232569;username|s:4:\"ordi\";designation|s:1:\"1\";id|s:1:\"5\";is_logged_in|b:1;'),('fc450a0aacb0764fa6885e112093a1fc0e870a1d','127.0.0.1',1464233445,'__ci_last_regenerate|i:1464233145;username|s:4:\"ordi\";designation|s:1:\"1\";id|s:1:\"5\";is_logged_in|b:1;'),('b65c9ef0213fa1b5c3e2694b5e13fbccee7c38d9','127.0.0.1',1464289567,'__ci_last_regenerate|i:1464289567;'),('b3ed818c39239ed36ef670c18b62284a6db9d088','127.0.0.1',1464290154,'__ci_last_regenerate|i:1464289868;username|s:4:\"ordi\";designation|s:1:\"1\";id|s:1:\"5\";is_logged_in|b:1;'),('b09577c70e42813cbdebaa6232dae9762fb1e2bf','127.0.0.1',1464290447,'__ci_last_regenerate|i:1464290193;username|s:4:\"ordi\";designation|s:1:\"1\";id|s:1:\"5\";is_logged_in|b:1;'),('7212d47c8de15433b829da5954f181aa491aa822','127.0.0.1',1464291102,'__ci_last_regenerate|i:1464290805;username|s:4:\"ordi\";designation|s:1:\"1\";id|s:1:\"5\";is_logged_in|b:1;'),('1710096dfd588ed5a73372de683fefdd4522da1f','127.0.0.1',1464291416,'__ci_last_regenerate|i:1464291158;username|s:4:\"ordi\";designation|s:1:\"1\";id|s:1:\"5\";is_logged_in|b:1;'),('5a32ad6b2413fa5a7fb9de42219e9e5cbc7a5492','127.0.0.1',1464292421,'__ci_last_regenerate|i:1464292138;username|s:4:\"ordi\";designation|s:1:\"1\";id|s:1:\"5\";is_logged_in|b:1;'),('dc1bce342fd6d45ac2346b3ea371d42c42c4a7e5','127.0.0.1',1464293151,'__ci_last_regenerate|i:1464292913;username|s:4:\"ordi\";designation|s:1:\"1\";id|s:1:\"5\";is_logged_in|b:1;'),('87b387573377d2e51ea92c9c1784ff2deecfd452','127.0.0.1',1464293949,'__ci_last_regenerate|i:1464293778;username|s:4:\"ordi\";designation|s:1:\"1\";id|s:1:\"5\";is_logged_in|b:1;'),('31fe0350d7f3b3f451c3c7b3f6dc7b78b51eda19','127.0.0.1',1464294097,'__ci_last_regenerate|i:1464294097;username|s:4:\"ordi\";designation|s:1:\"1\";id|s:1:\"5\";is_logged_in|b:1;'),('b27554b43906d1b9854f376c83c64275cf8a18af','127.0.0.1',1464296218,'__ci_last_regenerate|i:1464296218;username|s:4:\"ordi\";designation|s:1:\"1\";id|s:1:\"5\";is_logged_in|b:1;'),('ab60eae9bbad9a8ced900068f71d4f58fc7f1cb3','127.0.0.1',1464297093,'__ci_last_regenerate|i:1464296838;username|s:4:\"ordi\";designation|s:1:\"1\";id|s:1:\"5\";is_logged_in|b:1;'),('a3e6e459233ba0b41e8223a8962830ee55f220ef','127.0.0.1',1464297499,'__ci_last_regenerate|i:1464297221;username|s:4:\"ordi\";designation|s:1:\"1\";id|s:1:\"5\";is_logged_in|b:1;'),('ec8c3afcbd877aceecf15d909da55c1786aa2aeb','127.0.0.1',1464297794,'__ci_last_regenerate|i:1464297529;username|s:4:\"ordi\";designation|s:1:\"1\";id|s:1:\"5\";is_logged_in|b:1;'),('22688ffb475be8f91211e1d39c8b9bb829518128','127.0.0.1',1464297854,'__ci_last_regenerate|i:1464297854;username|s:4:\"ordi\";designation|s:1:\"1\";id|s:1:\"5\";is_logged_in|b:1;'),('befb44be2c79d71bfcb43fbd80fa2e929f7ae712','127.0.0.1',1464298372,'__ci_last_regenerate|i:1464298323;username|s:4:\"ordi\";designation|s:1:\"1\";id|s:1:\"5\";is_logged_in|b:1;'),('7d24f320b537e32fe045fe8599dbdb303e1668df','127.0.0.1',1464298940,'__ci_last_regenerate|i:1464298677;username|s:4:\"ordi\";designation|s:1:\"1\";id|s:1:\"5\";is_logged_in|b:1;'),('bfd14834dbc72e15f0aaf5565417282a0231bcbe','127.0.0.1',1464299357,'__ci_last_regenerate|i:1464299357;username|s:4:\"ordi\";designation|s:1:\"1\";id|s:1:\"5\";is_logged_in|b:1;'),('d2d74da1a53165fcef96a8af9aca6ed5a4ad4e80','127.0.0.1',1464300785,'__ci_last_regenerate|i:1464300486;username|s:4:\"ordi\";designation|s:1:\"1\";id|s:1:\"5\";is_logged_in|b:1;'),('7b67464d7015cf8b551fac67e4729151eb537712','127.0.0.1',1464301139,'__ci_last_regenerate|i:1464300952;username|s:4:\"ordi\";designation|s:1:\"1\";id|s:1:\"5\";is_logged_in|b:1;'),('203e6aeda43a6a292bfb2ea593e5d1b5c693084d','127.0.0.1',1464302741,'__ci_last_regenerate|i:1464302629;username|s:4:\"ordi\";designation|s:1:\"1\";id|s:1:\"5\";is_logged_in|b:1;'),('074adf52fac7fe35db3e65fbc13d1e1e7e9564ba','127.0.0.1',1464303132,'__ci_last_regenerate|i:1464303132;username|s:4:\"ordi\";designation|s:1:\"1\";id|s:1:\"5\";is_logged_in|b:1;'),('7193e3658078122fa98e381da53aaf2bb5dcdd44','127.0.0.1',1464304220,'__ci_last_regenerate|i:1464304220;username|s:4:\"ordi\";designation|s:1:\"1\";id|s:1:\"5\";is_logged_in|b:1;'),('c7b237d4a866a8c81b0bd1d0d36ce6961124bc38','127.0.0.1',1464304807,'__ci_last_regenerate|i:1464304650;username|s:4:\"ordi\";designation|s:1:\"1\";id|s:1:\"5\";is_logged_in|b:1;'),('e4a115f4222032c1f22f0d560e4720e8e77b3d55','127.0.0.1',1464305226,'__ci_last_regenerate|i:1464304957;username|s:4:\"ordi\";designation|s:1:\"1\";id|s:1:\"5\";is_logged_in|b:1;'),('1856bdb48e1f81cd96bd39e116aa4c0a30d6d7a1','127.0.0.1',1464305648,'__ci_last_regenerate|i:1464305470;username|s:4:\"ordi\";designation|s:1:\"1\";id|s:1:\"5\";is_logged_in|b:1;'),('2c1d447d5f96c3baf45feeaf8198aa4380d929c0','127.0.0.1',1464306114,'__ci_last_regenerate|i:1464305879;username|s:4:\"ordi\";designation|s:1:\"1\";id|s:1:\"5\";is_logged_in|b:1;'),('a48cd4538fd493ada743df48ca4bc7905b410ad9','127.0.0.1',1464306669,'__ci_last_regenerate|i:1464306371;username|s:4:\"ordi\";designation|s:1:\"1\";id|s:1:\"5\";is_logged_in|b:1;'),('91bc749fb628f9fd1df6edb16aebde32db8a4c53','127.0.0.1',1464307155,'__ci_last_regenerate|i:1464306869;username|s:4:\"ordi\";designation|s:1:\"1\";id|s:1:\"5\";is_logged_in|b:1;'),('0aa61892f374e9851fe70eb11bddfe3a81e719a9','127.0.0.1',1464307498,'__ci_last_regenerate|i:1464307329;username|s:4:\"ordi\";designation|s:1:\"1\";id|s:1:\"5\";is_logged_in|b:1;'),('4321a4257c44ae121d5c2b99bfed6dc47fdc6a1a','127.0.0.1',1464308897,'__ci_last_regenerate|i:1464308873;username|s:4:\"ordi\";designation|s:1:\"1\";id|s:1:\"5\";is_logged_in|b:1;'),('80bf5e8d44e5c4e0747853fa873c711d2a6d5f40','127.0.0.1',1464309511,'__ci_last_regenerate|i:1464309402;username|s:4:\"ordi\";designation|s:1:\"1\";id|s:1:\"5\";is_logged_in|b:1;'),('4468b7487bec9454d3592d569a7392d59e646788','127.0.0.1',1464310015,'__ci_last_regenerate|i:1464309729;username|s:4:\"ordi\";designation|s:1:\"1\";id|s:1:\"5\";is_logged_in|b:1;'),('87f2df5cb4aa5ed8806e214f0bc7fc645da37e48','127.0.0.1',1464310463,'__ci_last_regenerate|i:1464310463;username|s:4:\"ordi\";designation|s:1:\"1\";id|s:1:\"5\";is_logged_in|b:1;'),('a7501252b53065b89a96875b4af652b1bfcd72f0','127.0.0.1',1464311073,'__ci_last_regenerate|i:1464310777;username|s:4:\"ordi\";designation|s:1:\"1\";id|s:1:\"5\";is_logged_in|b:1;'),('fb29662be20b14c10bff18e2067fe8f5ccdbd2b8','127.0.0.1',1464311201,'__ci_last_regenerate|i:1464311201;username|s:4:\"ordi\";designation|s:1:\"1\";id|s:1:\"5\";is_logged_in|b:1;');
/*!40000 ALTER TABLE `ci_sessions` ENABLE KEYS */;
UNLOCK TABLES;

--
-- Table structure for table `classes`
--

DROP TABLE IF EXISTS `classes`;
/*!40101 SET @saved_cs_client     = @@character_set_client */;
/*!40101 SET character_set_client = utf8 */;
CREATE TABLE `classes` (
  `id` int(11) NOT NULL AUTO_INCREMENT,
  `date` date NOT NULL,
  `id_trainer` int(11) NOT NULL,
  `timing` int(11) NOT NULL DEFAULT '1',
  `id_course` varchar(45) NOT NULL,
  PRIMARY KEY (`id`)
) ENGINE=InnoDB AUTO_INCREMENT=13 DEFAULT CHARSET=latin1;
/*!40101 SET character_set_client = @saved_cs_client */;

--
-- Dumping data for table `classes`
--

LOCK TABLES `classes` WRITE;
/*!40000 ALTER TABLE `classes` DISABLE KEYS */;
INSERT INTO `classes` VALUES (1,'0000-00-00',1,1,'1'),(2,'2017-04-10',1,1,'1'),(3,'2017-04-11',1,1,'1'),(4,'2017-04-13',1,1,'1'),(5,'2017-06-17',1,1,'3'),(6,'2017-06-18',1,1,'3'),(7,'2017-06-20',1,1,'3'),(8,'0000-00-00',1,1,'3'),(9,'0000-00-00',1,1,'3'),(10,'0000-00-00',1,1,'3'),(11,'0000-00-00',1,1,'1'),(12,'0000-00-00',1,1,'1');
/*!40000 ALTER TABLE `classes` ENABLE KEYS */;
UNLOCK TABLES;

--
-- Table structure for table `disposal`
--

DROP TABLE IF EXISTS `disposal`;
/*!40101 SET @saved_cs_client     = @@character_set_client */;
/*!40101 SET character_set_client = utf8 */;
CREATE TABLE `disposal` (
  `id` int(11) NOT NULL AUTO_INCREMENT,
  `storage` int(11) NOT NULL DEFAULT '1',
  `qty` int(11) DEFAULT '0',
  `remarks` varchar(100) DEFAULT '',
  `description` varchar(100) DEFAULT '',
  `id_audit` int(11) NOT NULL,
  `reason` int(11) DEFAULT '0',
  `category` int(11) DEFAULT '0',
  PRIMARY KEY (`id`),
  UNIQUE KEY `id_UNIQUE` (`id`)
) ENGINE=InnoDB AUTO_INCREMENT=20 DEFAULT CHARSET=latin1;
/*!40101 SET character_set_client = @saved_cs_client */;

--
-- Dumping data for table `disposal`
--

LOCK TABLES `disposal` WRITE;
/*!40000 ALTER TABLE `disposal` DISABLE KEYS */;
INSERT INTO `disposal` VALUES (1,2,7,'dd','something',15,1,2),(2,1,2,'','',15,1,1),(3,2,7,'dd','something',15,1,2),(4,2,5,'','',15,1,2),(5,3,0,'','',15,4,3),(6,0,0,'','',15,0,0),(7,0,0,'','',15,0,0),(8,0,0,'','',15,0,0),(9,0,0,'','',15,0,0),(10,0,0,'','',15,0,0),(11,0,0,'','',15,0,0),(12,0,0,'','',15,0,0),(13,0,0,'','',15,0,0),(14,0,0,'','',15,0,0),(15,0,0,'','',17,0,0),(16,0,0,'','',17,0,0),(17,0,0,'','',17,0,0),(18,1,6,'','',27,1,2),(19,2,6,'','',27,2,2);
/*!40000 ALTER TABLE `disposal` ENABLE KEYS */;
UNLOCK TABLES;

--
-- Table structure for table `facilities`
--

DROP TABLE IF EXISTS `facilities`;
/*!40101 SET @saved_cs_client     = @@character_set_client */;
/*!40101 SET character_set_client = utf8 */;
CREATE TABLE `facilities` (
  `id` int(11) NOT NULL AUTO_INCREMENT,
  `name` text NOT NULL,
  `license` varchar(45) DEFAULT '',
  `owner` varchar(45) DEFAULT '',
  `nic` varchar(45) DEFAULT '',
  `crn` varchar(45) DEFAULT '',
  `activity` int(11) NOT NULL,
  `issue_date` date NOT NULL,
  `validity` date NOT NULL,
  `location` varchar(45) DEFAULT '',
  `gps` varchar(45) DEFAULT '',
  `contract` varchar(45) DEFAULT '',
  `id_centre` int(11) NOT NULL,
  `telephone` varchar(45) DEFAULT '',
  `fax` varchar(45) DEFAULT '',
  `email` varchar(45) DEFAULT '',
  `cell_no` varchar(45) DEFAULT '',
  `manager_name` varchar(45) DEFAULT '',
  `manager_id` varchar(45) DEFAULT '',
  `manager_cell` varchar(45) DEFAULT '',
  `audits_per_month` int(11) NOT NULL DEFAULT '0',
  `street` varchar(45) DEFAULT '',
  `space` varchar(45) DEFAULT '',
  `shop_no` varchar(45) DEFAULT '',
  `section` int(11) NOT NULL DEFAULT '0',
  `workers` int(11) NOT NULL DEFAULT '0',
  PRIMARY KEY (`id`),
  UNIQUE KEY `id_UNIQUE` (`id`)
) ENGINE=InnoDB AUTO_INCREMENT=5 DEFAULT CHARSET=latin1;
/*!40101 SET character_set_client = @saved_cs_client */;

--
-- Dumping data for table `facilities`
--

LOCK TABLES `facilities` WRITE;
/*!40000 ALTER TABLE `facilities` DISABLE KEYS */;
INSERT INTO `facilities` VALUES (1,'New Facility','123123465','Asad Rehman Updated','123132132','1234564654',0,'2016-05-01','2016-05-01','Karachi','12','123456789',3,'123465789','123456789','d@d.com','123456897','asad','13246789','123456789',5,'Bufferzone','185','123456897',3,4),(2,'NEw','132456','Dayem Updated','132456','123456',0,'2016-05-25','2016-05-25','Karachi','123','32132',3,'123456789','1234564897','d@d.com','13246789','dasd','12346879','23123486987',14,'maskan','13','maskan',3,0),(4,'Third Facility','132465798','New Owner','123465987','123164565',1,'2016-05-27','2016-05-27','jkjlk','12,56','1234657486',4,'sda','kl;k','d@d.com','13246','321','sda','asda',3,'R-45','12','12',1,0);
/*!40000 ALTER TABLE `facilities` ENABLE KEYS */;
UNLOCK TABLES;

--
-- Table structure for table `penalties`
--

DROP TABLE IF EXISTS `penalties`;
/*!40101 SET @saved_cs_client     = @@character_set_client */;
/*!40101 SET character_set_client = utf8 */;
CREATE TABLE `penalties` (
  `id` int(11) NOT NULL AUTO_INCREMENT,
  `section` int(11) NOT NULL,
  `id_categories` int(11) NOT NULL,
  `reference` text,
  `description` text,
  `min_amount` double NOT NULL,
  `max_amount` double NOT NULL,
  `remarks` text,
  `assigned` double DEFAULT '0',
  `approval` int(11) NOT NULL DEFAULT '0',
  PRIMARY KEY (`id`),
  UNIQUE KEY `id_UNIQUE` (`id`)
) ENGINE=InnoDB AUTO_INCREMENT=3 DEFAULT CHARSET=latin1;
/*!40101 SET character_set_client = @saved_cs_client */;

--
-- Dumping data for table `penalties`
--

LOCK TABLES `penalties` WRITE;
/*!40000 ALTER TABLE `penalties` DISABLE KEYS */;
INSERT INTO `penalties` VALUES (1,1,3,'123','Unhealthy Food',52,900,'This should be applied when the food served is unhealthy',0,0),(2,1,9,'1/2/4','Test',6,4,'Test',0,1);
/*!40000 ALTER TABLE `penalties` ENABLE KEYS */;
UNLOCK TABLES;

--
-- Table structure for table `questions`
--

DROP TABLE IF EXISTS `questions`;
/*!40101 SET @saved_cs_client     = @@character_set_client */;
/*!40101 SET character_set_client = utf8 */;
CREATE TABLE `questions` (
  `id` int(11) NOT NULL AUTO_INCREMENT,
  `category` varchar(250) NOT NULL,
  `statement` varchar(250) NOT NULL,
  `id_penalty` int(11) DEFAULT '0',
  `id_checklist` int(11) NOT NULL,
  `severity` int(11) NOT NULL,
  `violation` bigint(20) NOT NULL DEFAULT '0',
  PRIMARY KEY (`id`)
) ENGINE=InnoDB AUTO_INCREMENT=937 DEFAULT CHARSET=latin1;
/*!40101 SET character_set_client = @saved_cs_client */;

--
-- Dumping data for table `questions`
--

LOCK TABLES `questions` WRITE;
/*!40000 ALTER TABLE `questions` DISABLE KEYS */;
INSERT INTO `questions` VALUES (1,'LICENSE DETAIL','Operate the facility with license issues by Government',1,12,1,25),(2,'LICENSE DETAIL','Last (Previous) health Inspection Report available.',1,12,1,2),(3,'LICENSE DETAIL','Business activity is as per the license and not outside allocated premises',1,12,3,0),(4,'LICENSE DETAIL','Worksite is as per the space allocation',1,12,1,0),(5,'LICENSE DETAIL','Any other',1,12,2,0),(6,'FISH AND FISH CONTACTS','Hot/Cold water available in taps.',1,12,3,0),(7,'FISH AND FISH CONTACTS','Fish is obtained from safe and approved source',1,12,3,0),(8,'FISH AND FISH CONTACTS','Fish is transported in clean and approved vehicles to minimize the microbiological and other contaminants.',1,12,1,0),(9,'FISH AND FISH CONTACTS','All equipment used for collecting/delivery are cleaned  washed and disinfected immediately after use and if necessary before re-use.',1,12,1,0),(10,'FISH AND FISH CONTACTS','Equipment is clean  smooth  hard  free from services and is corrosion resistant',1,12,1,0),(11,'FISH AND FISH CONTACTS','Cleansing and disinfection of fish contact surfaces is done regularly',1,12,2,0),(12,'FISH AND FISH CONTACTS','Ice used in fish processing is made of potable water',1,12,2,0),(13,'FISH AND FISH CONTACTS','Separate knives  blocks  tables for raw and processed fish',1,12,1,0),(14,'FISH AND FISH CONTACTS','Clean and dirty operations are separated',1,12,1,0),(15,'FISH AND FISH CONTACTS','Any visible contamination removed without delay by trimming or alternative means having an equivalent effect',1,12,2,0),(16,'FISH AND FISH CONTACTS','Temperature and weighing gadgets are available and calibrated',1,12,2,0),(17,'FISH AND FISH CONTACTS','Single use consumables including paper towels are not used again',1,12,2,0),(18,'FISH AND FISH CONTACTS','Packaging and wrapping material is suitable and of food grade easy to clean and disinfect and are clean at point of use',1,12,1,0),(19,'FISH AND FISH CONTACTS','Wrapping and Packaging materials are not a source of contamination  stored and handled in such a way that product contamination is avoided',1,12,2,0),(20,'FISH AND FISH CONTACTS','There is no sign of any rotten  expired fish item',1,12,2,0),(21,'FISH AND FISH CONTACTS','Frozen or chilled fish (Not Fresh) is not being sold as fresh',1,12,1,0),(22,'FISH AND FISH CONTACTS','Controls are in place to ensure that risk of cross contamination is minimized  prevented or reduced to acceptable levels during operation',1,12,1,0),(23,'FISH AND FISH CONTACTS','Only permitted raw materials  including water and other ingredients  are used',1,12,2,0),(24,'FISH AND FISH CONTACTS','Fish items are not directly stored on the floor.',1,12,1,0),(25,'FISH AND FISH CONTACTS','Open fish is not left exposed and is in temperature controlled area',1,12,2,0),(26,'FISH AND FISH CONTACTS','If required  defrosting/thawing is done properly and fish or fish product is not refrozen after thawing',1,12,2,0),(27,'FISH AND FISH CONTACTS','Products susceptible to parasite infestation are subject to the required temperature treatment',1,12,1,0),(28,'FISH AND FISH CONTACTS','Health standards criteria for fishery products are met (e.g. organoleptic  histamine  TVN  parasite and toxins harmful to human health)',1,12,2,0),(29,'FISH AND FISH CONTACTS','Any other',1,12,3,0),(30,'REFRIGERATION COLD STORAGE AND THERMOMETERS','The temperature of all cold items is less than 5°C',1,12,3,0),(31,'REFRIGERATION COLD STORAGE AND THERMOMETERS','Temperature of refrigerator is not higher than 5°C   ±10 C',1,12,2,0),(32,'REFRIGERATION COLD STORAGE AND THERMOMETERS','Temperature of freezer is not higher than -18°C   ± 20 C',1,12,2,0),(33,'REFRIGERATION COLD STORAGE AND THERMOMETERS','Thermometer is in use and calibrated correctly',1,12,2,0),(34,'REFRIGERATION COLD STORAGE AND THERMOMETERS','Any other',1,12,1,0),(35,'CHEMICAL STORAGE AND USAGE','Chemicals are properly labeled and stored',1,12,3,0),(36,'CHEMICAL STORAGE AND USAGE','Chemical is not stored in food container',1,12,3,0),(37,'CHEMICAL STORAGE AND USAGE','Edibles (raw or cooked) are not stored in chemical container',1,12,2,0),(38,'CHEMICAL STORAGE AND USAGE','Chemicals are stored away from food items  food preparation area and food contact surfaces.',1,12,2,0),(39,'CHEMICAL STORAGE AND USAGE','Any other',1,12,3,0),(40,'PEST CONTROL','There is no sign of flies  insects  rodents or cockroaches or any other pest.',1,12,3,0),(41,'PEST CONTROL','Pest controller is approved',1,12,1,0),(42,'PEST CONTROL','Last two pest controlled reports are available for inspection',1,12,1,0),(43,'PEST CONTROL','Fly killers are installed in appropriate location and numbers',1,12,3,0),(44,'PEST CONTROL','All fly killers are clean and tray is not full',1,12,3,0),(45,'PEST CONTROL','Any other',1,12,3,0),(46,'INTERIOR FACILITIES','All the walls  doors  ceilings  exhaust fans  fixtures and lights are clean with no buildup',1,12,3,0),(47,'INTERIOR FACILITIES','There are no broken floor tiles or ceiling tiles',1,12,2,0),(48,'INTERIOR FACILITIES','All walls are in good condition and not in need of repair or painting',1,12,2,0),(49,'INTERIOR FACILITIES','Walls internally plastered  smooth hard cleanable and kept clean',1,12,2,0),(50,'INTERIOR FACILITIES','Floor tiles are not broken  finish hard  non absorbent',1,12,2,1),(51,'INTERIOR FACILITIES','Roof in good state and repair  clean and not gapped out',1,12,2,0),(52,'INTERIOR FACILITIES','Suitable and adequate floor drainage are provided',1,12,2,1),(53,'INTERIOR FACILITIES','There is no damage to any furniture or fixtures',1,12,2,1),(54,'INTERIOR FACILITIES','All the Hoods and vents are clean and free of buildup  rust or mold',1,12,1,0),(55,'INTERIOR FACILITIES','There is sufficient light and all light guards are in place',1,12,2,1),(56,'INTERIOR FACILITIES','Trash bins are not overflowing and waste segregation is in place',1,12,2,1),(57,'INTERIOR FACILITIES','Waste is disposed of properly',1,12,1,0),(58,'INTERIOR FACILITIES','There is no leakage or over flowing drain in the facility',1,12,2,0),(59,'INTERIOR FACILITIES','Ventilation or air conditioning does not contribute towards increased risk of employee hygiene',1,12,1,0),(60,'INTERIOR FACILITIES','Facility doors are automatically closing with angle bar to open door.',1,12,3,0),(61,'INTERIOR FACILITIES','Air curtains are installed on the door',1,12,3,0),(62,'INTERIOR FACILITIES','All doors and windows have mesh or glass appropriate as per RC rules',1,12,3,0),(63,'INTERIOR FACILITIES','Any Other',1,12,2,0),(64,'CLEANLINESS','Sufficient waste containers are present  provided with lid  have plastic bags (liner) and are clean  intact and foot operated',1,12,3,0),(65,'CLEANLINESS','Waste is collected  stored properly and disposed off timely',1,12,2,0),(66,'CLEANLINESS','Floors are not dirty or smelly and there is no waste on the floor',1,12,2,0),(67,'CLEANLINESS','Drains are not smelly',1,12,3,0),(68,'CLEANLINESS','Chillers  Freezer gaskets  shelves are clean and without any mold',1,12,3,0),(69,'CLEANLINESS','Mop buckets are clean and there is no standing water',1,12,3,0),(70,'CLEANLINESS','Any other',1,12,3,1),(71,'HYGIENE DETAILS','Criteria Description',1,12,3,0),(72,'HYGIENE DETAILS','Auditor Choice',1,12,3,0),(73,'HYGIENE DETAILS','Pre-Defined',1,12,3,0),(74,'HYGIENE DETAILS','Yes',1,12,3,0),(75,'HYGIENE DETAILS','No',1,12,3,0),(76,'HYGIENE DETAILS','NA',1,12,3,0),(77,'HYGIENE DETAILS','Severity Value',1,12,3,0),(78,'HYGIENE DETAILS','(H=5  M=3 L=1)',1,12,3,0),(79,'HYGIENE DETAILS','Hand washing is done after wiping hands on apron  handling trash  sneezing  coughing  touching face/hair/skin  eating drinking  after breaks  after handling dirty dishes or equipment  after cleaning tasks  before starting shift  before putting on glo',1,12,3,0),(80,'HYGIENE DETAILS','Every worker washes hands using soap for at least 20 seconds',1,12,1,0),(81,'HYGIENE DETAILS','There is a dedicated hand wash sink present in shop',1,12,3,0),(82,'HYGIENE DETAILS','Equipment is not Washed in hand wash sink',1,12,3,0),(83,'HYGIENE DETAILS','Soap and tissue dispenser is available at hand sink and are not empty',1,12,2,0),(84,'HYGIENE DETAILS','All workers Attends Training course in environmental health',1,12,2,0),(85,'HYGIENE DETAILS','Hand wash sign is posted on hand wash sink  visible and clean',1,12,2,0),(86,'HYGIENE DETAILS','Workers are wearing clean clothes  clean apron  hair net  beard mask  protective clothing and safety Shoes',1,12,3,0),(87,'HYGIENE DETAILS','Worker is ill and working',1,12,2,0),(88,'HYGIENE DETAILS','Sanitizer for food contact surfaces is available and in proper concentration',1,12,1,0),(89,'HYGIENE DETAILS','Workers wear uniforms',1,12,1,0),(90,'HYGIENE DETAILS','There is no eating/drinking and no evidence of eating/drinking observed in areas that are not designated for eating/drinking',1,12,3,0),(91,'HYGIENE DETAILS','There is no smoking and no evidence of smoking observed in shop',1,12,3,0),(92,'HYGIENE DETAILS','There is no jewelry worn by shopkeepers',1,12,1,0),(93,'HYGIENE DETAILS','There is no sign of any cross contamination',1,12,2,0),(94,'HYGIENE DETAILS','Any other',1,12,1,0),(95,'COMPLIANCE POINTS','Delaying the inspection  inspector entrance or no cooperation  not allowed to enter or any other misconduct',1,12,3,0),(96,'COMPLIANCE POINTS','Staff has valid medical Report.',1,12,1,0),(97,'COMPLIANCE POINTS','Staff is already trained',1,12,1,0),(98,'COMPLIANCE POINTS','Workers are skilled to work in shop and have valid certificates showing competence',1,12,1,0),(99,'COMPLIANCE POINTS','Shop is used for noncommercial purpose or activity not in the license  for staff sleeping or for staff residence or staff is cooking food and eating',1,12,2,0),(100,'COMPLIANCE POINTS','Disengagement seals and re-open the shop before the end of the penalty decided by the closure of the municipality',1,12,1,0),(101,'COMPLIANCE POINTS','Owners or supervisors helps violated workers for escape',1,12,1,0),(102,'COMPLIANCE POINTS','All statutory microbiological testing is carried out and appropriate action on receipt of results is being taken',1,12,1,1),(103,'COMPLIANCE POINTS','Any other',1,12,1,1),(104,'LICENSE DETAIL','Operate the facility with license issues by Government',1,13,1,0),(105,'LICENSE DETAIL','Last (Previous) health Inspection Report available.',1,13,1,0),(106,'LICENSE DETAIL','Business activity is as per the license and not outside allocated premises',1,13,3,0),(107,'LICENSE DETAIL','Worksite is as per the space allocation',1,13,1,0),(108,'LICENSE DETAIL','Any other',1,13,2,0),(109,'PREMISES AND SOURCES','Water used in all operation is of potable and approved quality.',1,13,3,0),(110,'PREMISES AND SOURCES','Hot/Cold water available in taps.',1,13,1,0),(111,'PREMISES AND SOURCES','Only correctly identified raw material with all relevant documentation are accepted for bakery',1,13,3,0),(112,'PREMISES AND SOURCES','All equipment used in bakery are cleaned  washed and disinfected immediately after use and if necessary before re-use.',1,13,1,0),(113,'PREMISES AND SOURCES','Licensed Vehicles are used for delivery of raw materials and are clean and their internal food storage spaces are made of cleanable material',1,13,1,0),(114,'PREMISES AND SOURCES','For all food relevant activities Standard operating procedures  (SOPs) developed  implemented and maintained',1,13,2,0),(115,'PREMISES AND SOURCES','Workers are skilled to work in bakery and have valid certificates showing competence',1,13,2,0),(116,'PREMISES AND SOURCES','Structures of the building is in such a way that provides weather protection  adequate ventilation and proper air conditioning',1,13,2,0),(117,'PREMISES AND SOURCES','Adequate loading/unloading facilities for raw material are available',1,13,2,0),(118,'PREMISES AND SOURCES','Adequate storage is available to keep raw and intermediate material',1,13,2,0),(119,'PREMISES AND SOURCES','Storage rooms are properly air conditioned  clean and ventilated  based on  HACCP procedures to avoid contamination',1,13,2,0),(120,'PREMISES AND SOURCES','Where relevant  all edible co-products are handled hygienically and subject to relevant controls (including raw materials intended for further processing)',1,13,3,0),(121,'PREMISES AND SOURCES','Cold products are chilled and stored within the required temperatures and in a manner that avoids cross – contamination',1,13,3,0),(122,'PREMISES AND SOURCES','There is no sign of any rotten  expired items',1,13,2,0),(123,'PREMISES AND SOURCES','All equipment & tools are stored in proper place and no equipment or tool is rusty',1,13,1,0),(124,'PREMISES AND SOURCES','Single use consumables including paper towels are not used again.',1,13,3,0),(125,'PREMISES AND SOURCES','Controls are in place to ensure that risk of cross contamination is minimized  prevented or reduced to acceptable levels during operation',1,13,2,0),(126,'PREMISES AND SOURCES','Only permitted raw materials  including water and other ingredients  are used',1,13,2,0),(127,'PREMISES AND SOURCES','Raw materials and ingredients are adequately inspected  processed as necessary and stored properly to assure that only clean  wholesome materials are used',1,13,1,0),(128,'PREMISES AND SOURCES','Wrapping and Packaging materials are not a source of contamination  stored and handled in such a way that product contamination is avoided',1,13,1,0),(129,'PREMISES AND SOURCES','Re-usable wrapping and packaging materials for foodstuffs are easy to clean and disinfect and are clean at point of use',1,13,2,0),(130,'PREMISES AND SOURCES','Separation of exposed from packaged product',1,13,2,0),(131,'PREMISES AND SOURCES','No bakery and pastry item are directly stored on the floor.',1,13,3,0),(132,'PREMISES AND SOURCES','No food item is left exposed and is kept in temperature controlled area.',1,13,2,0),(133,'PREMISES AND SOURCES','Products susceptible to parasite infestation are subject to the required temperature treatment',1,13,2,0),(134,'PREMISES AND SOURCES','Food processing is conducted in a manner to prevent contamination and harmful microbiological growth: proofing time  baking time and temperature as well as packing',1,13,2,0),(135,'PREMISES AND SOURCES','Only approved food color and/or additives are used',1,13,2,0),(136,'PREMISES AND SOURCES','Any other',1,13,1,0),(137,'PREMISES AND SOURCES','SECTION6:  FOOD AND FOOD CONTACT ITEM',1,13,3,0),(138,'PREMISES AND SOURCES','All utensils and equipment made of adequately cleanable materials  clean and suitable for their intended use',1,13,3,0),(139,'PREMISES AND SOURCES','.',1,13,3,0),(140,'PREMISES AND SOURCES','Equipments are installed and maintained so as to facilitate',1,13,2,0),(141,'PREMISES AND SOURCES','the cleaning of equipment and adjacent areas',1,13,2,0),(142,'PREMISES AND SOURCES','Equipment are regularly calibrated',1,13,2,0),(143,'PREMISES AND SOURCES','and records maintained',1,13,2,0),(144,'PREMISES AND SOURCES','Every food contact item or surface is clean and in good condition',1,13,2,0),(145,'PREMISES AND SOURCES','Proper sanitization of every food preparation item done in between each use.',1,13,2,0),(146,'PREMISES AND SOURCES','Food contact items are not dirty  cracked  rusty  damaged  bent or placed in dirty area',1,13,3,0),(147,'PREMISES AND SOURCES','Every baking and pastry equipment is clean without buildup and rinsed after each use',1,13,3,0),(148,'PREMISES AND SOURCES','Cutting boards are clean and scratch less',1,13,3,0),(149,'PREMISES AND SOURCES','Oven is not dirty or has no carbon build up',1,13,3,0),(150,'PREMISES AND SOURCES','Fruits and vegetables are in good condition. No soil or fungus/mold build up',1,13,2,0),(151,'PREMISES AND SOURCES','No High Risk food item is found in danger zone (5C to 60C)',1,13,2,0),(152,'PREMISES AND SOURCES','All fresh items prepared in bakery are dated and not expired',1,13,2,0),(153,'PREMISES AND SOURCES','Food  food items  beverage drinks are stored <15 cm off floor and 8 cm away from wall.',1,13,2,0),(154,'PREMISES AND SOURCES','All food is stored in proper location',1,13,3,0),(155,'PREMISES AND SOURCES','All food contact items are stored inverted and on clean surface',1,13,3,0),(156,'PREMISES AND SOURCES','Workers are wearing gloves  and not touching RTF with bare hand and ice directly',1,13,3,0),(157,'PREMISES AND SOURCES','Ice machine is clean and has no mold buildup',1,13,2,0),(158,'PREMISES AND SOURCES','Ice scoop is not inside the machine and is in clean container',1,13,2,0),(159,'PREMISES AND SOURCES','Any other',1,13,3,0),(160,'REFRIGERATION COLD STORAGE AND THERMOMETERS','The temperature of all cold items is less than 5°C',1,13,3,0),(161,'REFRIGERATION COLD STORAGE AND THERMOMETERS','Temperature of refrigerator is not higher than 5°C   ±10 C',1,13,2,15),(162,'REFRIGERATION COLD STORAGE AND THERMOMETERS','Temperature of freezer is not higher than -18°C   ± 20 C',1,13,2,0),(163,'REFRIGERATION COLD STORAGE AND THERMOMETERS','Thermometer is in use and calibrated correctly',1,13,2,0),(164,'REFRIGERATION COLD STORAGE AND THERMOMETERS','Any other',1,13,1,2),(165,'CHEMICAL STORAGE AND USAGE','Chemicals are properly labeled and stored',1,13,3,0),(166,'CHEMICAL STORAGE AND USAGE','Chemical is not stored in food container',1,13,3,0),(167,'CHEMICAL STORAGE AND USAGE','Food is not stored in chemical container',1,13,2,0),(168,'CHEMICAL STORAGE AND USAGE','Chemicals are stored away from food items  food preparation area and food contact surfaces.',1,13,2,0),(169,'CHEMICAL STORAGE AND USAGE','Any other',1,13,3,0),(170,'PEST CONTROL','There is no sign of flies  insects  rodents or cockroaches or any other pest.',1,13,3,0),(171,'PEST CONTROL','Pest controller is approved',1,13,1,0),(172,'PEST CONTROL','Last two pest controlled reports are available for inspection',1,13,1,0),(173,'PEST CONTROL','Fly killers are installed in appropriate location and numbers',1,13,3,0),(174,'PEST CONTROL','All fly killers are clean and tray is not full',1,13,3,0),(175,'PEST CONTROL','Any other',1,13,3,1),(176,'INTERIOR FACILITIES','All the walls  doors  ceilings  exhaust fans  fixtures and lights are clean with no buildup',1,13,3,0),(177,'INTERIOR FACILITIES','There are no broken floor tiles or ceiling tiles',1,13,2,0),(178,'INTERIOR FACILITIES','All walls are in good condition and not in need of repair or painting',1,13,2,0),(179,'INTERIOR FACILITIES','There is no damage to any furniture or fixtures',1,13,2,0),(180,'INTERIOR FACILITIES','All the Hoods and vents clean and free of buildup  rust or mold',1,13,1,0),(181,'INTERIOR FACILITIES','There is sufficient light and all light guards are in place',1,13,2,0),(182,'INTERIOR FACILITIES','Trash bins are not overflowing and waste segregation is in place',1,13,2,0),(183,'INTERIOR FACILITIES','Liquid waste is disposed of properly',1,13,1,0),(184,'INTERIOR FACILITIES','There is no leakage or over flowing drain in the facility',1,13,2,0),(185,'INTERIOR FACILITIES','Ventilation or air conditioning does not contribute towards increased risk of employee hygiene',1,13,1,0),(186,'INTERIOR FACILITIES','Facility doors are automatically closing with angle bar to open door.',1,13,3,0),(187,'INTERIOR FACILITIES','Air curtains are installed on the door',1,13,3,0),(188,'INTERIOR FACILITIES','All windows have mesh or glass appropriate as per RC rules',1,13,3,0),(189,'INTERIOR FACILITIES','Are premises free of harborage and/or breeding places for rodents  insects and other pest',1,13,2,0),(190,'INTERIOR FACILITIES','Is adequate drainage provided to avoid contamination of facilities and products',1,13,2,0),(191,'INTERIOR FACILITIES','Is sufficient space provided for placement of equipment  storage of materials and for production operations',1,13,2,0),(192,'INTERIOR FACILITIES','Are food processing areas effectively separated from other operations which may cause contamination of food being processed',1,13,2,0),(193,'INTERIOR FACILITIES','Is ventilation adequate to prevent contamination by dust and/or other airborne substances',1,13,2,0),(194,'INTERIOR FACILITIES','Are doors tightly fitted  smooth  non-absorbent surfaces and where appropriate be self-closing and close fitting',1,13,2,0),(195,'INTERIOR FACILITIES','Are windows and other openings designed and constructed to avoid accumulation of dirt and fitted with insect-proof screens to protect from entry of insects  rodents and other pests',1,13,2,0),(196,'INTERIOR FACILITIES','Any Other',1,13,2,0),(197,'CLEANLINESS','Sufficient waste containers are present  provided with lid  have plastic bags (liner) and are clean  intact and foot operated',1,13,3,0),(198,'CLEANLINESS','Waste is collected  stored properly and disposed off timely',1,13,2,0),(199,'CLEANLINESS','Floors are not dirty or smelly and there is no waste on the floor',1,13,2,0),(200,'CLEANLINESS','Drains are not smelly',1,13,3,0),(201,'CLEANLINESS','Wash rooms are clean  good ventilation  no foul smell  soap available and well maintained',1,13,3,0),(202,'CLEANLINESS','Chillers  Freezer gaskets  shelves are clean and without any mold',1,13,3,0),(203,'CLEANLINESS','Mop buckets are clean and there is no standing water',1,13,3,0),(204,'CLEANLINESS','Any other',1,13,3,0),(205,'HYGIENE DETAILS','Criteria Description',1,13,3,0),(206,'HYGIENE DETAILS','Auditor Choice',1,13,3,0),(207,'HYGIENE DETAILS','Pre-Defined',1,13,3,0),(208,'HYGIENE DETAILS','Yes',1,13,3,0),(209,'HYGIENE DETAILS','No',1,13,3,0),(210,'HYGIENE DETAILS','NA',1,13,3,0),(211,'HYGIENE DETAILS','Severity Value',1,13,3,0),(212,'HYGIENE DETAILS','(H=5  M=3 L=1)',1,13,3,0),(213,'HYGIENE DETAILS','Hand washing is done after wiping hands on apron  handling trash  sneezing  coughing  touching face/hair/skin  eating drinking  after breaks  after handling dirty dishes or equipment  after cleaning tasks  before starting shift  before putting on glo',1,13,3,0),(214,'HYGIENE DETAILS','Every worker washes hands using soap for at least 20 seconds',1,13,1,0),(215,'HYGIENE DETAILS','There is a dedicated hand wash sink present in restaurant',1,13,3,0),(216,'HYGIENE DETAILS','Equipment is not Washed in hand wash sink',1,13,3,0),(217,'HYGIENE DETAILS','Soap and tissue dispenser is available at hand sink and are not empty',1,13,2,0),(218,'HYGIENE DETAILS','Hand wash sign is posted on hand wash sink  visible and clean',1,13,2,0),(219,'HYGIENE DETAILS','Workers are wearing clean clothes  clean apron  hair net  beard mask and safety Shoes',1,13,3,0),(220,'HYGIENE DETAILS','Worker is ill and working',1,13,2,0),(221,'HYGIENE DETAILS','Sanitizer for food contact surfaces is available and in proper concentration',1,13,1,0),(222,'HYGIENE DETAILS','Workers wear uniforms',1,13,1,0),(223,'HYGIENE DETAILS','There is no eating/drinking and no evidence of eating/drinking observed in areas that are not designated for eating/drinking',1,13,3,0),(224,'HYGIENE DETAILS','There is no smoking and no evidence of smoking observed in food service area',1,13,3,0),(225,'HYGIENE DETAILS','There is no jewelry worn by food handlers',1,13,1,0),(226,'HYGIENE DETAILS','There is no sign of any cross contamination',1,13,2,0),(227,'HYGIENE DETAILS','Any other',1,13,1,0),(228,'COMPLIANCE POINTS','Delaying the inspection  inspector entrance or no cooperation  not allowed to enter or any other misconduct',1,13,3,0),(229,'COMPLIANCE POINTS','Staff has valid medical Report.',1,13,1,0),(230,'COMPLIANCE POINTS','Staff is already trained',1,13,1,0),(231,'COMPLIANCE POINTS','Shop is used for noncommercial purpose or activity not in the license  for staff sleeping or for staff residence or staff is cooking food and eating',1,13,1,0),(232,'COMPLIANCE POINTS','Disengagement seals and re-open the shop before the end of the penalty decided by the closure of the municipality',1,13,1,0),(233,'COMPLIANCE POINTS','Owners or supervisors helps violated workers for escape',1,13,1,0),(234,'COMPLIANCE POINTS','Weighing and measuring practices are adequate to ensure',1,13,1,0),(235,'COMPLIANCE POINTS','the declared quantity of contents',1,13,1,0),(236,'COMPLIANCE POINTS','Not observing the Islamic provisions and rules of slaughtering',1,13,1,0),(237,'COMPLIANCE POINTS','Any other',1,13,1,0),(238,'LICENSE DETAIL','Operate the facility with license issues by Government',1,14,1,0),(239,'LICENSE DETAIL','Last (Previous) health Inspection Report available.',1,14,1,0),(240,'LICENSE DETAIL','Business activity is as per the license and not outside allocated premises',1,14,3,0),(241,'LICENSE DETAIL','Worksite is as per the space allocation',1,14,1,0),(242,'LICENSE DETAIL','Any other',1,14,2,0),(243,'SLAUGHTER HOUSE','Water used in all operation is of potable and approved quality.',1,14,3,0),(244,'SLAUGHTER HOUSE','Hot/Cold water available in taps.',1,14,1,0),(245,'SLAUGHTER HOUSE','Only correctly identified animals with all relevant documentation are accepted for slaughter or processing',1,14,3,0),(246,'SLAUGHTER HOUSE','Animal health restrictions in disease control area are implemented by slaughterhouse  operator',1,14,1,0),(247,'SLAUGHTER HOUSE','Slaughterhouse operators transporting meat ensure suitable crates/modules are used. All equipment used for collecting/delivery are cleaned  washed and disinfected immediately after use and if necessary before re-use.',1,14,2,0),(248,'SLAUGHTER HOUSE','Cleansing and disinfection of livestock vehicles is done by slaughterhouse operator',1,14,1,0),(249,'SLAUGHTER HOUSE','Standard operating procedures  (SOPs) for killing and related operations in slaughterhouses are developed  implemented and maintained',1,14,2,0),(250,'SLAUGHTER HOUSE','Structures of the building safeguard animal welfare (adverse weather protection  adequate ventilation)',1,14,2,0),(251,'SLAUGHTER HOUSE','Adequate unloading facilities are available (suitable ramps  containing rails  isolation pens)',1,14,2,0),(252,'SLAUGHTER HOUSE','Restraining facilities and equipment are adequately designed  constructed and maintained  (including shackle lines)',1,14,2,0),(253,'SLAUGHTER HOUSE','Restraining procedures ensure welfare of animals is protected.',1,14,3,0),(254,'SLAUGHTER HOUSE','Place where animals have  to be slaughtered is clean based on  HACCP procedures to avoid contamination of carcasses from dirty animals',1,14,3,0),(255,'SLAUGHTER HOUSE','All handling and processes from slaughtering to dispatch are done in a way that avoids the contamination of meat and offal entering the food chain',1,14,3,0),(256,'SLAUGHTER HOUSE','Any visible contamination removed without delay by trimming or alternative means having an equivalent effect',1,14,2,0),(257,'SLAUGHTER HOUSE','Where relevant  all edible co-products are handled hygienically and subject to relevant controls (including raw materials intended for further processing)',1,14,2,0),(258,'SLAUGHTER HOUSE','Slaughtering in traditional kitchens',1,14,3,0),(259,'SLAUGHTER HOUSE','Any other',1,14,1,0),(260,'POST SLAUGHTER','Carcass and offal are chilled  stored and received within the required temperatures and in a manner that avoids cross – contamination',1,14,3,0),(261,'POST SLAUGHTER','All products have Health Mark  Identification Mark or approval mark  stamp or food card as appropriate',1,14,2,0),(262,'POST SLAUGHTER','There is no sign of any rotten  expired meat item.',1,14,1,0),(263,'POST SLAUGHTER','Any other',1,14,1,0),(264,'REFRIGERATION COLD STORAGE AND THERMOMETERS','The temperature of all cold items is less than 5°C',1,14,3,0),(265,'REFRIGERATION COLD STORAGE AND THERMOMETERS','Temperature of refrigerator is not higher than 5°C   ±10 C',1,14,2,0),(266,'REFRIGERATION COLD STORAGE AND THERMOMETERS','Temperature of freezer is not higher than -18°C   ± 20 C',1,14,2,0),(267,'REFRIGERATION COLD STORAGE AND THERMOMETERS','Thermometer is in use and calibrated correctly',1,14,2,0),(268,'REFRIGERATION COLD STORAGE AND THERMOMETERS','Any other',1,14,1,0),(269,'CHEMICAL STORAGE AND USAGE','Chemicals are properly labeled and stored',1,14,3,0),(270,'CHEMICAL STORAGE AND USAGE','Chemical is not stored in food container',1,14,3,0),(271,'CHEMICAL STORAGE AND USAGE','Food is not stored in chemical container',1,14,2,0),(272,'CHEMICAL STORAGE AND USAGE','Chemicals are stored away from food items  food preparation area and food contact surfaces.',1,14,2,0),(273,'CHEMICAL STORAGE AND USAGE','Any other',1,14,3,0),(274,'BUTCHERY AREA','Legal temperature controls are maintained throughout the process from intake to dispatch for all products',1,14,3,0),(275,'BUTCHERY AREA','Frozen or chilled meat (Not Fresh) is being sold as fresh meat.',1,14,2,0),(276,'BUTCHERY AREA','All equipment & tools are stored in proper place and no equipment or tool is rusty',1,14,1,0),(277,'BUTCHERY AREA','Single use consumables including paper towels are not used again.',1,14,3,0),(278,'BUTCHERY AREA','Controls are in place to ensure that risk of cross contamination is minimized  prevented or reduced to acceptable levels during operation and appropriate action taken should contamination occur',1,14,2,0),(279,'BUTCHERY AREA','Only permitted raw materials  including water and other ingredients  are used',1,14,2,0),(280,'BUTCHERY AREA','Wrapping and Packaging materials are not a source of contamination  stored and handled in such a way that product contamination is avoided',1,14,2,0),(281,'BUTCHERY AREA','Re-usable wrapping and packaging materials for foodstuffs are easy to clean and disinfect and are clean at point of use',1,14,2,0),(282,'BUTCHERY AREA','Meat items are not directly stored on the floor.',1,14,2,0),(283,'BUTCHERY AREA','Mincing machine is cleaned after use',1,14,2,0),(284,'BUTCHERY AREA','No open meat is not left exposed and is in temperature controlled area.',1,14,3,0),(285,'BUTCHERY AREA','If required  defrosting/thawing is done properly and meat is not refrozen after thawing',1,14,2,0),(286,'BUTCHERY AREA','Labeling of chilled or frozen meat and also the products that require cooking before eating complies with the legislation',1,14,3,0),(287,'BUTCHERY AREA','Heading  gutting and filleting are carried out hygienically',1,14,2,0),(288,'BUTCHERY AREA','Products susceptible to parasite infestation are subject to the required temperature treatment',1,14,3,0),(289,'BUTCHERY AREA','Health standards criteria for fishery products are met (e.g. organoleptic  histamine  TVN  parasite and toxins harmful to human health)',1,14,2,0),(290,'BUTCHERY AREA','Any other',1,14,3,0),(291,'PEST CONTROL','There is no sign of flies  insects  rodents or cockroaches or any other pest.',1,14,3,0),(292,'PEST CONTROL','Pest controller is approved',1,14,1,0),(293,'PEST CONTROL','Last two pest controlled reports are available for inspection',1,14,1,0),(294,'PEST CONTROL','Fly killers are installed in appropriate location and numbers',1,14,3,0),(295,'PEST CONTROL','All fly killers are clean and tray is not full',1,14,3,0),(296,'PEST CONTROL','Any other',1,14,3,0),(297,'INTERIOR FACILITIES','All the walls  doors  ceilings  exhaust fans  fixtures and lights are clean with no buildup',1,14,3,0),(298,'INTERIOR FACILITIES','There are no broken floor tiles or ceiling tiles',1,14,2,0),(299,'INTERIOR FACILITIES','All walls are in good condition and not in need of repair or painting',1,14,2,0),(300,'INTERIOR FACILITIES','There is no damage to any furniture or fixtures',1,14,2,0),(301,'INTERIOR FACILITIES','All the Hoods and vents clean and free of buildup  rust or mold',1,14,1,0),(302,'INTERIOR FACILITIES','There is sufficient light and all light guards are in place',1,14,2,0),(303,'INTERIOR FACILITIES','Trash bins are not overflowing and waste segregation is in place',1,14,2,0),(304,'INTERIOR FACILITIES','Liquid waste is disposed of properly',1,14,1,0),(305,'INTERIOR FACILITIES','There is no leakage or over flowing drain in the facility',1,14,2,0),(306,'INTERIOR FACILITIES','Ventilation or air conditioning does not contribute towards increased risk of employee hygiene',1,14,1,0),(307,'INTERIOR FACILITIES','Air curtains are installed on the door',1,14,3,0),(308,'INTERIOR FACILITIES','All windows have mesh or glass appropriate as per RC rules',1,14,3,0),(309,'INTERIOR FACILITIES','Any Other',1,14,2,0),(310,'CLEANLINESS','Sufficient waste containers are present  provided with lid  have plastic bags (liner) and are clean  intact and foot operated',1,14,3,0),(311,'CLEANLINESS','Waste is collected  stored properly and disposed off timely',1,14,2,0),(312,'CLEANLINESS','Floors are not dirty or smelly and there is no waste on the floor',1,14,2,0),(313,'CLEANLINESS','Drains are not smelly',1,14,3,0),(314,'CLEANLINESS','Wash rooms are clean  good ventilation  no foul smell  soap available and well maintained',1,14,3,0),(315,'CLEANLINESS','Chillers  Freezer gaskets  shelves are clean and without any mold',1,14,3,0),(316,'CLEANLINESS','Mop buckets are clean and there is no standing water',1,14,3,0),(317,'CLEANLINESS','Any other',1,14,3,0),(318,'HYGIENE DETAILS','Criteria Description',1,14,3,0),(319,'HYGIENE DETAILS','Auditor Choice',1,14,3,0),(320,'HYGIENE DETAILS','Pre-Defined',1,14,3,0),(321,'HYGIENE DETAILS','Yes',1,14,3,0),(322,'HYGIENE DETAILS','No',1,14,3,0),(323,'HYGIENE DETAILS','NA',1,14,3,0),(324,'HYGIENE DETAILS','Severity Value',1,14,3,0),(325,'HYGIENE DETAILS','(H=5  M=3 L=1)',1,14,3,0),(326,'HYGIENE DETAILS','Hand washing is done after wiping hands on apron  handling trash  sneezing  coughing  touching face/hair/skin  eating drinking  after breaks  after handling dirty dishes or equipment  after cleaning tasks  before starting shift  before putting on glo',1,14,3,0),(327,'HYGIENE DETAILS','Every worker washes hands using soap for at least 20 seconds',1,14,1,0),(328,'HYGIENE DETAILS','There is a dedicated hand wash sink present',1,14,3,0),(329,'HYGIENE DETAILS','Equipment is not Washed in hand wash sink',1,14,3,0),(330,'HYGIENE DETAILS','Soap and tissue dispenser is available at hand sink and are not empty',1,14,2,0),(331,'HYGIENE DETAILS','All workers Attends Training course in environmental health',1,14,2,0),(332,'HYGIENE DETAILS','Hand wash sign is posted on hand wash sink  visible and clean',1,14,2,0),(333,'HYGIENE DETAILS','Workers are wearing clean clothes  clean apron  hair net  beard mask and safety Shoes',1,14,3,0),(334,'HYGIENE DETAILS','Worker is ill and working',1,14,2,0),(335,'HYGIENE DETAILS','Sanitizer for food contact surfaces is available and in proper concentration',1,14,1,0),(336,'HYGIENE DETAILS','Workers wear uniforms',1,14,1,0),(337,'HYGIENE DETAILS','There is no eating/drinking and no evidence of eating/drinking observed in areas that are not designated for eating/drinking',1,14,3,0),(338,'HYGIENE DETAILS','There is no smoking and no evidence of smoking observed in food service area',1,14,3,0),(339,'HYGIENE DETAILS','There is no jewelry worn by food handlers',1,14,1,0),(340,'HYGIENE DETAILS','There is no sign of any cross contamination',1,14,2,0),(341,'HYGIENE DETAILS','Any other',1,14,1,0),(342,'COMPLIANCE POINTS','Delaying the inspection  inspector entrance or no cooperation  not allowed to enter or any other misconduct',1,14,3,0),(343,'COMPLIANCE POINTS','Staff has valid medical Report.',1,14,1,0),(344,'COMPLIANCE POINTS','Staff is already trained',1,14,1,0),(345,'COMPLIANCE POINTS','Shop is used for noncommercial purpose or activity not in the license  for staff sleeping or for staff residence or staff is cooking food and eating',1,14,1,0),(346,'COMPLIANCE POINTS','Disengagement seals and re-open the shop before the end of the penalty decided by the closure of the municipality',1,14,1,0),(347,'COMPLIANCE POINTS','Owners or supervisors helps violated workers for escape',1,14,1,0),(348,'COMPLIANCE POINTS','Not observing the Islamic provisions and rules of slaughtering',1,14,1,0),(349,'COMPLIANCE POINTS','Any other',1,14,1,0),(350,'','Operate the facility with license issues by Government',1,15,1,0),(351,'','Last (Previous) health Inspection Report available.',1,15,1,0),(352,'','Business activity is as per the license and not outside allocated premises',1,15,3,0),(353,'','Worksite is as per the space allocation',1,15,1,0),(354,'','Any other',1,15,2,0),(355,'FOOD AND FOOD CONTACT ITEM PROTECTION AND STORAGE','Coffee machine is clean and in good condition.',1,15,3,0),(356,'FOOD AND FOOD CONTACT ITEM PROTECTION AND STORAGE','Every food contact item or surfaces is clean and in good condition',1,15,2,0),(357,'FOOD AND FOOD CONTACT ITEM PROTECTION AND STORAGE','Coffee station  Service bar surfaces are dirty or in poor condition',1,15,2,0),(358,'FOOD AND FOOD CONTACT ITEM PROTECTION AND STORAGE','Proper sanitization of every food preparation item done in between each use.',1,15,2,0),(359,'FOOD AND FOOD CONTACT ITEM PROTECTION AND STORAGE','Food contact items are not dirty  cracked  rusty  damaged  bent or placed in dirty area',1,15,3,0),(360,'FOOD AND FOOD CONTACT ITEM PROTECTION AND STORAGE','Every coffee preparation equipment is clean without milk buildup and rinsed after each use',1,15,3,0),(361,'FOOD AND FOOD CONTACT ITEM PROTECTION AND STORAGE','Cutting boards are clean and scratch less',1,15,3,0),(362,'FOOD AND FOOD CONTACT ITEM PROTECTION AND STORAGE','Oven is not dirty or has no carbon build up',1,15,3,0),(363,'FOOD AND FOOD CONTACT ITEM PROTECTION AND STORAGE','Fruits and vegetables are in good condition. No soil or fungus/mold build up',1,15,2,0),(364,'FOOD AND FOOD CONTACT ITEM PROTECTION AND STORAGE','No High Risk food item is found in danger zone (5C to 60C)',1,15,2,0),(365,'FOOD AND FOOD CONTACT ITEM PROTECTION AND STORAGE','All fresh items prepared in coffee shop are dated and not expired',1,15,2,0),(366,'FOOD AND FOOD CONTACT ITEM PROTECTION AND STORAGE','Food  food items  beverage drinks are stored <15 cm off floor and 8 cm away from wall.',1,15,2,0),(367,'FOOD AND FOOD CONTACT ITEM PROTECTION AND STORAGE','All food is stored in proper location',1,15,3,0),(368,'FOOD AND FOOD CONTACT ITEM PROTECTION AND STORAGE','All food contact items are stored inverted and on clean surface',1,15,3,0),(369,'FOOD AND FOOD CONTACT ITEM PROTECTION AND STORAGE','Workers are wearing gloves  and not touching RTF with bare hand  ice directly',1,15,3,0),(370,'FOOD AND FOOD CONTACT ITEM PROTECTION AND STORAGE','Ice machine is clean and has no mold buildup',1,15,2,0),(371,'FOOD AND FOOD CONTACT ITEM PROTECTION AND STORAGE','Ice scoop is not inside the machine and is in clean container',1,15,2,0),(372,'FOOD AND FOOD CONTACT ITEM PROTECTION AND STORAGE','Any other',1,15,3,0),(373,'REFRIGERATION COLD STORAGE AND THERMOMETERS','The temperature of all cold items is less than 5°C',1,15,3,0),(374,'REFRIGERATION COLD STORAGE AND THERMOMETERS','Temperature of refrigerator is not higher than 5°C   ±10 C',1,15,2,0),(375,'REFRIGERATION COLD STORAGE AND THERMOMETERS','Temperature of freezer is not higher than -18°C   ± 20 C',1,15,2,0),(376,'REFRIGERATION COLD STORAGE AND THERMOMETERS','Thermometer is in use and calibrated correctly',1,15,2,0),(377,'REFRIGERATION COLD STORAGE AND THERMOMETERS','Any other',1,15,1,0),(378,'CHEMICAL STORAGE AND USAGE','Chemicals are properly labeled and stored',1,15,3,0),(379,'CHEMICAL STORAGE AND USAGE','Chemical is not stored in food container',1,15,3,0),(380,'CHEMICAL STORAGE AND USAGE','Food is not stored in chemical container',1,15,2,0),(381,'CHEMICAL STORAGE AND USAGE','Chemicals are stored away from food items  food preparation area and food contact surfaces.',1,15,2,0),(382,'CHEMICAL STORAGE AND USAGE','Any other',1,15,3,0),(383,'DISHWASHING','Dishwashing liquid is available and connected and working properly',1,15,3,0),(384,'DISHWASHING','Dish wash temperature of machine reaches 82°Cor as displayed by machine',1,15,2,0),(385,'DISHWASHING','Three compartment sink has warm water at least 40°C',1,15,2,0),(386,'DISHWASHING','Three compartment sink sequence is as wash  rinse  sanitize',1,15,3,0),(387,'DISHWASHING','Any other',1,15,2,0),(388,'PEST CONTROL','There is no sign of flies  insects  rodents or cockroaches or any other pest.',1,15,3,0),(389,'PEST CONTROL','Pest controller is approved',1,15,1,0),(390,'PEST CONTROL','Last two pest controlled reports are available for inspection',1,15,1,0),(391,'PEST CONTROL','Any other',1,15,3,0),(392,'INTERIOR FACILITIES','All the walls ceilings  exhaust fans  fixtures and lights are clean with no buildup',1,15,3,0),(393,'INTERIOR FACILITIES','There are no broken floor tiles or ceiling tiles',1,15,2,0),(394,'INTERIOR FACILITIES','All walls are in good condition and not in need of repair or painting',1,15,2,0),(395,'INTERIOR FACILITIES','There is no damage to any furniture or fixtures',1,15,2,0),(396,'INTERIOR FACILITIES','All the Hoods and vents clean and free of buildup  rust or mold',1,15,1,0),(397,'INTERIOR FACILITIES','Light guards are in place',1,15,2,0),(398,'INTERIOR FACILITIES','Trash bins are not overflowing and waste segregation is in place',1,15,2,0),(399,'INTERIOR FACILITIES','There is no leakage or over flowing drain in the facility',1,15,1,0),(400,'INTERIOR FACILITIES','Any Other',1,15,1,0),(401,'CLEANLINESS','Waste containers are present  provided with lid  cleaned  intact and foot operated',1,15,3,0),(402,'CLEANLINESS','Waste is collected  stored properly and disposed off timely',1,15,2,0),(403,'CLEANLINESS','Floors are not dirty or smelly',1,15,2,0),(404,'CLEANLINESS','Drains are not smelly',1,15,3,0),(405,'CLEANLINESS','Wash rooms are clean  good ventilation  no foul smell  soap available and well maintained',1,15,3,0),(406,'CLEANLINESS','Chillers  Freezer gaskets  shelves are clean and without any mold',1,15,3,0),(407,'CLEANLINESS','Mop buckets are clean and there is no standing water',1,15,3,0),(408,'CLEANLINESS','Any other',1,15,3,0),(409,'HYGIENE DETAILS','Criteria Description',1,15,3,0),(410,'HYGIENE DETAILS','Auditor Choice',1,15,3,0),(411,'HYGIENE DETAILS','Pre Defined',1,15,3,0),(412,'HYGIENE DETAILS','Yes',1,15,3,0),(413,'HYGIENE DETAILS','No',1,15,3,0),(414,'HYGIENE DETAILS','NA',1,15,3,0),(415,'HYGIENE DETAILS','Severity Value',1,15,3,0),(416,'HYGIENE DETAILS','(H=5  M=3 L=1)',1,15,3,0),(417,'HYGIENE DETAILS','Hand washing is done after wiping hands on apron  handling trash  sneezing  coughing  touching face/hair/skin  eating drinking  after breaks  after handling dirty dishes or equipment  after cleaning tasks  before starting shift  before putting on glo',1,15,3,0),(418,'HYGIENE DETAILS','Every worker washes hands using soap for at least 20 seconds',1,15,1,0),(419,'HYGIENE DETAILS','There is a dedicated hand wash sink present in restaurant',1,15,3,0),(420,'HYGIENE DETAILS','Equipment is not Washed in hand wash sink',1,15,3,0),(421,'HYGIENE DETAILS','Soap and tissue dispenser is available at hand sink and are not empty',1,15,2,0),(422,'HYGIENE DETAILS','Hand wash sign is posted on hand wash sink  visible and clean',1,15,2,0),(423,'HYGIENE DETAILS','Workers are wearing clean clothes  clean apron  hair net  beard maskandsafety Shoes',1,15,3,0),(424,'HYGIENE DETAILS','Worker is ill and working',1,15,2,0),(425,'HYGIENE DETAILS','Sanitizer for food contact surfaces is available and in proper concentration',1,15,1,0),(426,'HYGIENE DETAILS','Workers wear uniforms',1,15,1,0),(427,'HYGIENE DETAILS','There is no eating/drinking and no evidence of eating/drinking observed in areas that are not designated for eating/drinking',1,15,3,0),(428,'HYGIENE DETAILS','There is no smoking and no evidence of smoking observed in food service area',1,15,3,0),(429,'HYGIENE DETAILS','There is no jewelry worn by food handlers',1,15,1,0),(430,'HYGIENE DETAILS','There is no sign of any cross contamination',1,15,2,0),(431,'HYGIENE DETAILS','Any other',1,15,1,0),(432,'COMPLIANCE POINTS','Delaying the inspection  inspector entrance or no cooperation  not allowed to enter or any other misconduct',1,15,3,0),(433,'COMPLIANCE POINTS','Coffee shop staff has valid medical Report.',1,15,1,0),(434,'COMPLIANCE POINTS','Coffee shop staff already trained',1,15,1,0),(435,'COMPLIANCE POINTS','Shop is used for noncommercial purpose or activity not in the license  for staff sleeping or for staff residence or staff is cooking food and eating',1,15,1,0),(436,'COMPLIANCE POINTS','Disengagement seals and re-open the shop before the end of the penalty decided by the closure of the municipality',1,15,1,0),(437,'COMPLIANCE POINTS','Owners or supervisors helps violated workers for escape',1,15,1,0),(438,'LICENSE DETAIL','Operate the facility with license issues by Government',1,16,1,0),(439,'LICENSE DETAIL','Last (Previous) health Inspection Report available.',1,16,1,0),(440,'LICENSE DETAIL','Business activity is as per the license and not outside allocated premises',1,16,3,0),(441,'LICENSE DETAIL','Worksite is as per the space allocation',1,16,1,0),(442,'LICENSE DETAIL','Any other',1,16,2,0),(443,'FACILITIES AND SOURCES','Water used in all operation is of potable and approved quality.',1,16,3,0),(444,'FACILITIES AND SOURCES','Are premises free of harborage and/or breeding places for rodents  insects and other pest',1,16,1,0),(445,'FACILITIES AND SOURCES','Is adequate drainage provided to avoid contamination of facilities and products',1,16,2,0),(446,'FACILITIES AND SOURCES','Is sufficient space provided for placement of equipment  storage of materials and for production operations',1,16,2,0),(447,'FACILITIES AND SOURCES','Are food and food contact surfaces protected from contamination from pipes  etc.  over working areas',1,16,2,0),(448,'FACILITIES AND SOURCES','Are food processing areas effectively separated from other operations which may cause contamination of food being processed',1,16,2,0),(449,'FACILITIES AND SOURCES','Are windows and other openings designed and constructed to avoid accumulation of dirt and fitted with insect-proof screens to protect from entry of insects  rodents and other pests',1,16,2,0),(450,'FACILITIES AND SOURCES','Are equipment installed and maintained so as to facilitate the cleaning of equipment and adjacent areas',1,16,2,0),(451,'FACILITIES AND SOURCES','Is the sewage disposal system adequate',1,16,2,0),(452,'FACILITIES AND SOURCES','Hot/Cold water available in taps.',1,16,2,0),(453,'FACILITIES AND SOURCES','Only correctly identified fruits and vegetables with all relevant documentation are accepted',1,16,3,0),(454,'FACILITIES AND SOURCES','Shop operators transporting fruits and vegetables ensure suitable crates/modules are used. All equipment used for collecting/delivery are cleaned  washed and disinfected immediately after use and if necessary before re-use.',1,16,1,0),(455,'FACILITIES AND SOURCES','Equipment and containers previously used for potentially hazardous materials (e.g. garbage  manure  etc.) are used for holding fresh fruits or vegetables or have contact with packaging material that is used for fresh fruits and vegetables',1,16,1,0),(456,'FACILITIES AND SOURCES','Storage sections and compartments vehicles are made of non-toxic materials that permit easy and thorough cleaning',1,16,1,0),(457,'FACILITIES AND SOURCES','Cleaning and disinfection of transport vehicles is done byshop operators and their suppliers to avoid potential contamination from physical objects such as glass  wood  plastic  etc.',1,16,2,0),(458,'FACILITIES AND SOURCES','Workers are skilled to work in shop and have valid certificates showing competence',1,16,2,0),(459,'FACILITIES AND SOURCES','The shop structure is weather protection having adequate ventilation and air conditioning',1,16,2,0),(460,'FACILITIES AND SOURCES','Adequate unloading facilities for fruits and vegetables are available',1,16,2,0),(461,'FACILITIES AND SOURCES','All handling and processes from receiving of fruits and vegetables to showcasing are done in a way that avoids the contactbetween contaminated and non contaminated product',1,16,2,0),(462,'FACILITIES AND SOURCES','Fresh fruits and vegetables unfit for human consumption are segregated before storage and transportation',1,16,2,0),(463,'FACILITIES AND SOURCES','Fruits and vegetables are received and stored in the required temperatures and in a mannerthat avoids cross – contamination',1,16,1,0),(464,'FACILITIES AND SOURCES','Any visible contamination including soil is removed without delay',1,16,2,0),(465,'FACILITIES AND SOURCES','There is no sign of any rotten  expired fruit and vegetable.',1,16,2,0),(466,'FACILITIES AND SOURCES','All fruits and vegetables have Identification Mark or approval mark  stamp or food card as appropriate',1,16,1,0),(467,'FACILITIES AND SOURCES','All statutory microbiological testing is carried out and appropriate action on receipt of results is being taken.',1,16,1,0),(468,'FACILITIES AND SOURCES','Old fruits and vegetables are not being sold as fresh',1,16,2,0),(469,'FACILITIES AND SOURCES','All equipment & tools are stored in proper place and no equipment or tool is rusty',1,16,1,0),(470,'FACILITIES AND SOURCES','Single use consumables including paper towels are not used again.',1,16,3,0),(471,'FACILITIES AND SOURCES','Only permitted raw materials  including water and other ingredients  are used',1,16,2,0),(472,'FACILITIES AND SOURCES','Wrapping and Packaging materials are not a source of contamination  stored and handled in such a way that product contamination is avoided',1,16,2,0),(473,'FACILITIES AND SOURCES','Re-usable wrapping and packaging materials for foodstuffs are easy to clean and disinfect and are clean at point of use',1,16,2,0),(474,'FACILITIES AND SOURCES','Separation of exposed from packaged product',1,16,2,0),(475,'FACILITIES AND SOURCES','Fruits and vegetables are not directly stored on the floor.',1,16,3,0),(476,'FACILITIES AND SOURCES','Fruits and vegetables susceptible to parasite infestation are subject to the required temperature treatment',1,16,2,0),(477,'FACILITIES AND SOURCES','Legal temperature controls are maintained throughout the process from intake to dispatch for all products',1,16,2,0),(478,'FACILITIES AND SOURCES','Condensate and defrost water from evaporator type cooling systems (e.g. vacuum cooling  cold rooms) should not drip onto fresh fruits and vegetables.',1,16,2,0),(479,'FACILITIES AND SOURCES','Fresh fruit and vegetable supplier records are maintained',1,16,1,0),(480,'FACILITIES AND SOURCES','Any other',1,16,1,0),(481,'REFRIGERATION COLD STORAGE THERMOMETERS AND WEIGHING SCALES','The temperature of all cold items is less than 5°C',1,16,3,0),(482,'REFRIGERATION COLD STORAGE THERMOMETERS AND WEIGHING SCALES','Temperature of refrigerator is not higher than 5°C   ±10 C',1,16,2,0),(483,'REFRIGERATION COLD STORAGE THERMOMETERS AND WEIGHING SCALES','Temperature of freezer is not higher than -18°C   ± 20 C',1,16,2,0),(484,'REFRIGERATION COLD STORAGE THERMOMETERS AND WEIGHING SCALES','Thermometer is in use and calibrated correctly',1,16,2,0),(485,'REFRIGERATION COLD STORAGE THERMOMETERS AND WEIGHING SCALES','The inside of the cooling systems is maintained clean.',1,16,1,0),(486,'REFRIGERATION COLD STORAGE THERMOMETERS AND WEIGHING SCALES','Air-cooling systems should be appropriately designed and maintained to avoid contaminating fresh products.',1,16,2,0),(487,'REFRIGERATION COLD STORAGE THERMOMETERS AND WEIGHING SCALES','The temperature of the cold storage is controlled  monitored and recorded',1,16,2,0),(488,'REFRIGERATION COLD STORAGE THERMOMETERS AND WEIGHING SCALES','Any other',1,16,2,0),(489,'CHEMICAL STORAGE AND USAGE','Chemicals are properly labeled and stored',1,16,3,0),(490,'CHEMICAL STORAGE AND USAGE','Chemical is not stored in fruits and vegetables container',1,16,3,0),(491,'CHEMICAL STORAGE AND USAGE','Fruits and vegetables are not stored in chemical container',1,16,2,0),(492,'CHEMICAL STORAGE AND USAGE','Chemicals are stored away from food items  food preparation area and food contact surfaces.',1,16,2,0),(493,'CHEMICAL STORAGE AND USAGE','Any other',1,16,3,0),(494,'PEST CONTROL','There is no sign of flies  insects  rodents or cockroaches or any other pest.',1,16,3,0),(495,'PEST CONTROL','Pest controller is approved',1,16,1,0),(496,'PEST CONTROL','Last two pest controlled reports are available for inspection',1,16,1,0),(497,'PEST CONTROL','Fly killers are installed in appropriate location and numbers',1,16,3,0),(498,'PEST CONTROL','All fly killers are clean and tray is not full',1,16,3,0),(499,'PEST CONTROL','Any other',1,16,3,0),(500,'INTERIOR FACILITIES','All the walls  doors  ceilings  exhaust fans  fixtures and lights are clean with no buildup',1,16,3,0),(501,'INTERIOR FACILITIES','There are no broken floor tiles or ceiling tiles',1,16,2,0),(502,'INTERIOR FACILITIES','All walls are in good condition and not in need of repair or painting',1,16,2,0),(503,'INTERIOR FACILITIES','There is no damage to any furniture or fixtures',1,16,2,0),(504,'INTERIOR FACILITIES','All the Hoods and vents clean and free of buildup  rust or mold',1,16,2,0),(505,'INTERIOR FACILITIES','There is sufficient light and all light guards are in place',1,16,2,0),(506,'INTERIOR FACILITIES','Trash bins are not overflowing and segregation is in place',1,16,2,0),(507,'INTERIOR FACILITIES','Waste is disposed of properly',1,16,1,0),(508,'INTERIOR FACILITIES','There is no leakage or over flowing drain in the facility',1,16,2,0),(509,'INTERIOR FACILITIES','Ventilation or air conditioning does not contribute towards increased risk of employee hygiene',1,16,1,0),(510,'INTERIOR FACILITIES','Facility doors are automatically closing with angle bar to open door.',1,16,3,0),(511,'INTERIOR FACILITIES','Air curtains are installed on the door',1,16,3,0),(512,'INTERIOR FACILITIES','All windows have mesh or glass appropriate as per RC rules',1,16,3,0),(513,'INTERIOR FACILITIES','Any Other',1,16,2,0),(514,'CLEANLINESS','Sufficient waste containers are present  provided with lid  have plastic bags (liner) and are clean  intact and foot operated',1,16,3,0),(515,'CLEANLINESS','Premises and equipment surfaces cleaning procedures includes the removal of debris  application of a detergent solution  rinsing with water  and  where appropriate  disinfection.',1,16,2,0),(516,'CLEANLINESS','Waste is collected  stored properly and disposed off timely',1,16,2,0),(517,'CLEANLINESS','Floors are not dirty or smelly and there is no waste on the floor',1,16,2,0),(518,'CLEANLINESS','Drains are not smelly',1,16,3,0),(519,'CLEANLINESS','Wash rooms are clean  good ventilation  no foul smell  soap available and well maintained',1,16,3,0),(520,'CLEANLINESS','Chillers  Freezer gaskets  shelves are clean and without any mold',1,16,3,0),(521,'CLEANLINESS','Mop buckets are clean and there is no standing water',1,16,3,0),(522,'CLEANLINESS','Any other',1,16,3,0),(523,'HYGIENE DETAILS','Criteria Description',1,16,3,0),(524,'HYGIENE DETAILS','Auditor Choice',1,16,3,0),(525,'HYGIENE DETAILS','Pre-Defined',1,16,3,0),(526,'HYGIENE DETAILS','Yes',1,16,3,0),(527,'HYGIENE DETAILS','No',1,16,3,0),(528,'HYGIENE DETAILS','NA',1,16,3,0),(529,'HYGIENE DETAILS','Severity Value',1,16,3,0),(530,'HYGIENE DETAILS','(H=5  M=3 L=1)',1,16,3,0),(531,'HYGIENE DETAILS','Hand washing is done after wiping hands on apron  handling trash  sneezing  coughing  touching face/hair/skin  eating drinking  after breaks  after handling dirty dishes or equipment  after cleaning tasks  before starting shift  before putting on glo',1,16,3,0),(532,'HYGIENE DETAILS','Every worker washes hands using soap for at least 20 seconds',1,16,1,0),(533,'HYGIENE DETAILS','There is a dedicated hand wash sink present in restaurant',1,16,3,0),(534,'HYGIENE DETAILS','Equipment is not Washed in hand wash sink',1,16,3,0),(535,'HYGIENE DETAILS','Soap and tissue dispenser is available at hand sink and are not empty',1,16,2,0),(536,'HYGIENE DETAILS','Hand wash sign is posted on hand wash sink  visible and clean',1,16,2,0),(537,'HYGIENE DETAILS','Workers are wearing clean clothes  clean apron  hair net  beard maskandsafety Shoes',1,16,3,0),(538,'HYGIENE DETAILS','Worker is ill and working',1,16,2,0),(539,'HYGIENE DETAILS','Sanitizer for food contact surfaces is available and in proper concentration',1,16,1,0),(540,'HYGIENE DETAILS','Workers wear uniforms',1,16,1,0),(541,'HYGIENE DETAILS','There is no eating/drinking and no evidence of eating/drinking observed in areas that are not designated for eating/drinking',1,16,3,0),(542,'HYGIENE DETAILS','There is no smoking and no evidence of smoking observed in food service area',1,16,3,0),(543,'HYGIENE DETAILS','There is no jewelry worn by food handlers',1,16,1,0),(544,'HYGIENE DETAILS','There is no sign of any cross contamination',1,16,2,0),(545,'HYGIENE DETAILS','All workers Attends Training course in environmental health',1,16,1,0),(546,'HYGIENE DETAILS','Any other',1,16,2,0),(547,'COMPLIANCE POINTS','Delaying the inspection  inspector entrance or no cooperation  not allowed to enter or any other misconduct',1,16,3,0),(548,'COMPLIANCE POINTS','Staff has valid medical Report.',1,16,1,0),(549,'COMPLIANCE POINTS','Staff is already trained',1,16,1,0),(550,'COMPLIANCE POINTS','Shop is used for noncommercial purpose or activity not in the license  for staff sleeping or for staff residence or staff is cooking food and eating',1,16,1,0),(551,'COMPLIANCE POINTS','Disengagement seals and re-open the shop before the end of the penalty decided by the closure of the municipality',1,16,1,0),(552,'COMPLIANCE POINTS','Owners or supervisors helps violated workers for escape',1,16,1,0),(553,'COMPLIANCE POINTS','Not observing the Islamic provisions and rules of slaughtering',1,16,1,0),(554,'COMPLIANCE POINTS','Any other',1,16,1,0),(555,'LICENSE DETAIL','Operate the facility with license issues by Government',1,17,1,0),(556,'LICENSE DETAIL','License expired and not renewed',1,17,1,0),(557,'LICENSE DETAIL','Last (Previous) health Inspection Report available.',1,17,1,0),(558,'LICENSE DETAIL','Business activity is as per the license and not outside allocated premises',1,17,3,0),(559,'LICENSE DETAIL','Worksite is as per the space allocation',1,17,1,0),(560,'LICENSE DETAIL','Any other',1,17,2,0),(561,'BUILDING AND FACILITIES','There are no cracks in the walls of facility',1,17,3,0),(562,'BUILDING AND FACILITIES','Wall paint is intact and no peeling of wall paint',1,17,3,0),(563,'BUILDING AND FACILITIES','Walls/floors are not dirty and kept clean',1,17,3,0),(564,'BUILDING AND FACILITIES','Floor tiles are not broken and in good condition',1,17,2,0),(565,'BUILDING AND FACILITIES','Cupboards are clean and in good condition',1,17,2,0),(566,'BUILDING AND FACILITIES','There are no water leakages in the shop',1,17,2,0),(567,'BUILDING AND FACILITIES','Lights are properly covered or have shatter proof coating and inspected for damages?',1,17,2,0),(568,'BUILDING AND FACILITIES','Washroom is clean  ventilated  no foul smell  equipped with liquid soap and hand drying facilities',1,17,2,0),(569,'BUILDING AND FACILITIES','Clean waste containers with lids are available in the shop and foot operated with liners inside',1,17,2,0),(570,'BUILDING AND FACILITIES','The sewerage drains are covered and there is no overflow of sewerage inside or outside of barbershop.',1,17,2,0),(571,'BUILDING AND FACILITIES','Any Other',1,17,1,0),(572,'HYGIENE DETAILS','Workers have health certificates',1,17,3,0),(573,'HYGIENE DETAILS','Workers are wearing appropriate and clean uniform',1,17,1,0),(574,'HYGIENE DETAILS','All workers are wearing safety shoes',1,17,2,0),(575,'HYGIENE DETAILS','No worker is ill while working',1,17,2,0),(576,'HYGIENE DETAILS','All workers Attends Training course in environmental health',1,17,1,0),(577,'HYGIENE DETAILS','All workers Attends Training course in environmental health',1,17,2,0),(578,'HYGIENE DETAILS','No smoking sign is prominently posted and clean',1,17,2,0),(579,'HYGIENE DETAILS','No evidence of smoking is observed in barbershop',1,17,2,0),(580,'HYGIENE DETAILS','No workers are observed coughing and blowing nose while dealing with customers',1,17,1,0),(581,'HYGIENE DETAILS','Hands of the workers are clean',1,17,2,0),(582,'HYGIENE DETAILS','Workers found sleeping in the shop',1,17,1,0),(583,'HYGIENE DETAILS','Any Other',1,17,1,0),(584,'SAFETY AND LOSS PREVENTION','There is enough ventilation or air conditioning',1,17,3,0),(585,'SAFETY AND LOSS PREVENTION','Exhaust fans are enough and in  working condition',1,17,2,0),(586,'SAFETY AND LOSS PREVENTION','There is enough light in the barbershop',1,17,2,0),(587,'SAFETY AND LOSS PREVENTION','Windows without screen mesh/glass',1,17,2,0),(588,'SAFETY AND LOSS PREVENTION','The working space is well designed and enough for the type of work activity',1,17,2,0),(589,'SAFETY AND LOSS PREVENTION','There is enough head room for people to work',1,17,2,0),(590,'SAFETY AND LOSS PREVENTION','The seats are well designed and comfortable',1,17,2,0),(591,'SAFETY AND LOSS PREVENTION','All equipment is maintained in good working condition',1,17,2,0),(592,'SAFETY AND LOSS PREVENTION','Any Other',1,17,2,0),(593,'HAZARDOUS MATERIALS SAFETY','All creams and gels used in the barbershop are not expired',1,17,3,0),(594,'HAZARDOUS MATERIALS SAFETY','All cleaning chemicals are stored separately in well ventilated and cool stores duly locked and MSDS for chemical is available',1,17,1,0),(595,'HAZARDOUS MATERIALS SAFETY','Personal protective clothing are available and being worn by barbers',1,17,2,0),(596,'HAZARDOUS MATERIALS SAFETY','Empty chemical containers are rinsed off properly before disposal and these are stored separately until taken away by an approved waste collection contractor?',1,17,2,0),(597,'HAZARDOUS MATERIALS SAFETY','Any Other',1,17,2,0),(598,'INTERNAL EQUIPMENT','Water is obtained from approved source',1,17,3,0),(599,'INTERNAL EQUIPMENT','Warm water is available and warm water temperature is maintained at 40°C',1,17,1,0),(600,'INTERNAL EQUIPMENT','All equipment except sterilization equipment is turned off when not in use?',1,17,2,0),(601,'INTERNAL EQUIPMENT','The tools and equipment are clean  in good condition and usable',1,17,3,0),(602,'INTERNAL EQUIPMENT','Single use neck strips are available and barbers are observed using them effectively',1,17,2,0),(603,'INTERNAL EQUIPMENT','Barbers are not observed reusing any single use materials or tools',1,17,2,0),(604,'INTERNAL EQUIPMENT','Shaving razors are not reused',1,17,2,0),(605,'INTERNAL EQUIPMENT','Shop has effective means of sterilizing the tools',1,17,1,0),(606,'INTERNAL EQUIPMENT','Sterilize machine is available and Barber tools are sterilized before each use',1,17,1,0),(607,'INTERNAL EQUIPMENT','Clean towels or gowns are used for one person and reusing is done after washing them properly',1,17,1,0),(608,'INTERNAL EQUIPMENT','Paper towels are available',1,17,1,0),(609,'INTERNAL EQUIPMENT','Separate storage cabins for keeping clean one use towels and one use gowns are available',1,17,3,0),(610,'INTERNAL EQUIPMENT','Barbers are observed not offering medical solutions for hair or skin or using medical materials',1,17,2,0),(611,'INTERNAL EQUIPMENT','Barbers are witnessed not serving customers who have apparent or obvious symptoms of skin disease.',1,17,1,0),(612,'INTERNAL EQUIPMENT','Any Other',1,17,1,0),(613,'COMPLIANCE POINTS','Delaying the inspection  inspector entrance or no cooperation  not allowed to enter or any other misconduct',1,17,3,0),(614,'COMPLIANCE POINTS','Staff has valid medical Report.',1,17,1,0),(615,'COMPLIANCE POINTS','Staff already trained',1,17,1,0),(616,'COMPLIANCE POINTS','Shop is used for noncommercial purpose or activity not in the license  for staff sleeping or for staff residence or staff is cooking food and eating',1,17,1,0),(617,'COMPLIANCE POINTS','Disengagement seals and re-open the shop before the end of the penalty decided by the closure of the municipality',1,17,1,0),(618,'COMPLIANCE POINTS','Owners or supervisors helps violated workers for escape',1,17,1,0),(619,'COMPLIANCE POINTS','Materials used in the shop are conforming to specifications',1,17,1,0),(620,'COMPLIANCE POINTS','Refusing to give service to any particular customer or refusing to give bill',1,17,1,0),(621,'COMPLIANCE POINTS','Increasing prices beyond the approved limits or not putting the price on the displayed goods.',1,17,1,0),(622,'COMPLIANCE POINTS','Putting additional sign to the shop or increasing the area of the licensed advertisement without taking the approval of the Municipality.',1,17,1,0),(623,'COMPLIANCE POINTS','Any Other',1,17,2,0),(624,'LICENSE DETAIL','Operate the facility with license issues by Government',1,18,1,0),(625,'LICENSE DETAIL','License expired and not renewed',1,18,1,0),(626,'LICENSE DETAIL','Last (Previous) health Inspection Report available.',1,18,1,0),(627,'LICENSE DETAIL','Business activity is as per the license and not outside allocated premises',1,18,3,0),(628,'LICENSE DETAIL','Worksite is as per the space allocation',1,18,1,0),(629,'LICENSE DETAIL','Any other',1,18,2,0),(630,'BUILDING AND FACILITIES','There are no cracks in the walls of facility',1,18,3,0),(631,'BUILDING AND FACILITIES','Wall paint is intact and no peeling of wall paint',1,18,3,0),(632,'BUILDING AND FACILITIES','Walls/floors are not dirty and kept clean',1,18,3,0),(633,'BUILDING AND FACILITIES','Floor tiles are not broken and in good condition',1,18,2,0),(634,'BUILDING AND FACILITIES','There are no water leakages in the building',1,18,2,0),(635,'BUILDING AND FACILITIES','Lights are properly covered and inspected for damages?',1,18,2,0),(636,'BUILDING AND FACILITIES','All electrical equipment in the department are in good condition  and not with exposed electrical wires',1,18,2,0),(637,'BUILDING AND FACILITIES','All electrical installations are secured and distribution boards are kept locked and shut',1,18,2,0),(638,'BUILDING AND FACILITIES','Sufficient waste containers are available in the washroom',1,18,2,0),(639,'BUILDING AND FACILITIES','Washroom are clean  ventilated  no foul smell  equipped with liquid soap and hand drying facilities',1,18,2,0),(640,'BUILDING AND FACILITIES','Clean waste containers with lids are available in the facility and foot operated with liners inside',1,18,2,0),(641,'BUILDING AND FACILITIES','Liquid waste has been properly disposed off and no foul smell',1,18,2,0),(642,'BUILDING AND FACILITIES','The sewerage drains are covered and there is no overflow of sewerage inside or outside of laundry shop.',1,18,2,0),(643,'BUILDING AND FACILITIES','Any Other',1,18,1,0),(644,'HYGIENE DETAILS','All workers have health certificates',1,18,3,0),(645,'HYGIENE DETAILS','All workers are wearing appropriate and clean uniform',1,18,1,0),(646,'HYGIENE DETAILS','All workers are wearing hair net  beard maskandsafety Shoes',1,18,2,0),(647,'HYGIENE DETAILS','No worker is ill and working',1,18,2,0),(648,'HYGIENE DETAILS','There is no smoking and no evidence of smoking observed in laundry area',1,18,1,0),(649,'HYGIENE DETAILS','No workers are observed touching nose or mouth  spitting or nose blowing while working',1,18,1,0),(650,'HYGIENE DETAILS','Hands of the workers are clean',1,18,2,0),(651,'HYGIENE DETAILS','No male worker has long head hair.',1,18,1,0),(652,'HYGIENE DETAILS','For female worker  hair restraints are worn and hair are tied properly.',1,18,1,0),(653,'HYGIENE DETAILS','Workers found Sleeping in the shop',1,18,1,0),(654,'HYGIENE DETAILS','There is no jewelry worn by workers',1,18,1,0),(655,'HYGIENE DETAILS','Any Other',1,18,1,0),(656,'SAFETY AND LOSS PREVENTION','There is enough ventilation or air conditioning',1,18,3,0),(657,'SAFETY AND LOSS PREVENTION','Exhaust fans are enough and in  working condition',1,18,2,0),(658,'SAFETY AND LOSS PREVENTION','There is enough light in the working area',1,18,2,0),(659,'SAFETY AND LOSS PREVENTION','Doors not clean/bad appearance',1,18,2,0),(660,'SAFETY AND LOSS PREVENTION','Windows without screen mesh/glass',1,18,3,0),(661,'SAFETY AND LOSS PREVENTION','The equipment under maintenance are identified and tagged to prevent the use of out of order equipment',1,18,2,0),(662,'SAFETY AND LOSS PREVENTION','The working space is well designed and enough for the type of work activity',1,18,2,0),(663,'SAFETY AND LOSS PREVENTION','There is enough head room for people to work',1,18,2,0),(664,'SAFETY AND LOSS PREVENTION','Any Other',1,18,2,0),(665,'HAZARDOUS MATERIALS SAFETY','All chemicals are used in the department sourced from approved or reputed suppliers?',1,18,3,0),(666,'HAZARDOUS MATERIALS SAFETY','MSDS are available for all chemicals being used in the department?',1,18,2,0),(667,'HAZARDOUS MATERIALS SAFETY','All staff is trained in safe chemical handling and records of the trainings retained?',1,18,2,0),(668,'HAZARDOUS MATERIALS SAFETY','All chemicals are stored separately in well ventilated and cool stores duly locked',1,18,2,0),(669,'HAZARDOUS MATERIALS SAFETY','Personal protective clothing are available and being worn by the workers handling the chemicals',1,18,2,0),(670,'HAZARDOUS MATERIALS SAFETY','Empty chemical containers are rinsed off properly before disposal and these are stored separately until taken away by an approved waste collection contractor?',1,18,2,0),(671,'HAZARDOUS MATERIALS SAFETY','Any Other',1,18,2,0),(672,'INTERNAL EQUIPMENT','Water is obtained from approved source',1,18,3,0),(673,'INTERNAL EQUIPMENT','Hot water temperature is maintained at 60°C',1,18,1,0),(674,'INTERNAL EQUIPMENT','Tumbler doors are kept closed after unloading',1,18,2,0),(675,'INTERNAL EQUIPMENT','All seals and gaskets are tight and in good repair',1,18,2,0),(676,'INTERNAL EQUIPMENT','Regular preventive maintenance is scheduled',1,18,2,0),(677,'INTERNAL EQUIPMENT','Equipment of Laundry not enough to keep clean clothes in proper manner until delivery',1,18,2,0),(678,'INTERNAL EQUIPMENT','No or insufficient containers to keep clothes until washed',1,18,2,0),(679,'INTERNAL EQUIPMENT','Putting the clean and dirty clothes at the same place',1,18,2,0),(680,'INTERNAL EQUIPMENT','Number of washing machines not enough  or the condition or installation is not proper',1,18,1,0),(681,'INTERNAL EQUIPMENT','No place to store cleaning materials and chemicals or not appropriate',1,18,1,0),(682,'INTERNAL EQUIPMENT','The cleaning materials or chemicals do not conform to the specifications',1,18,3,0),(683,'INTERNAL EQUIPMENT','Any Other',1,18,2,0),(684,'COMPLIANCE POINTS','Delaying the inspection  inspector entrance or no cooperation  not allowed to enter or any other misconduct',1,18,3,0),(685,'COMPLIANCE POINTS','Staff has valid medical Report.',1,18,1,0),(686,'COMPLIANCE POINTS','Staff already trained',1,18,1,0),(687,'COMPLIANCE POINTS','Shop is used for noncommercial purpose or activity not in the license  for staff sleeping or for staff residence or staff is cooking food and eating',1,18,1,0),(688,'COMPLIANCE POINTS','Disengagement seals and re-open the shop before the end of the penalty decided by the closure of the municipality',1,18,1,0),(689,'COMPLIANCE POINTS','Owners or supervisors helps violated workers for escape',1,18,1,0),(690,'COMPLIANCE POINTS','Any Other',1,18,1,0),(691,'LICENSE DETAIL','Operate the facility with license issues by Government',1,19,1,0),(692,'LICENSE DETAIL','Last (Previous) health Inspection Report available.',1,19,1,0),(693,'LICENSE DETAIL','Business activity is as per the license and not outside allocated premises',1,19,3,0),(694,'LICENSE DETAIL','Worksite is as per the space allocation',1,19,1,0),(695,'LICENSE DETAIL','Any other',1,19,2,0),(696,'Chemical and Physical Analysis','Water being used in the swimming pool of good potable quality',1,19,3,0),(697,'Chemical and Physical Analysis','Water is being tested regularly for pathogens and records of testing retained',1,19,1,0),(698,'Chemical and Physical Analysis','The disinfectant (chlorine  bromine) level is maintained to 0.5-3 ppm for pool and 3-6 ppm for SPA.',1,19,1,0),(699,'Chemical and Physical Analysis','Free available chlorine in pool is tested at least twice daily after every 4 hours',1,19,2,0),(700,'Chemical and Physical Analysis','The PH level is maintained at (7.2 – 7.8) and monitored regularly throughout the day',1,19,2,0),(701,'Chemical and Physical Analysis','PH level of pool water is tested 1/2 hour before opening of pool and at least every 4 hours when pool is in operation',1,19,2,0),(702,'Chemical and Physical Analysis','Chlorine chemical feeders are adjusted properly.',1,19,2,0),(703,'Chemical and Physical Analysis','Total alkalinity (TA) in the pool maintained to 80 - 120 ppm.',1,19,2,0),(704,'Chemical and Physical Analysis','Alkalinity in pool water is checked at least once a week for pool and once a day for SPA',1,19,2,0),(705,'Chemical and Physical Analysis','Hardness of water is maintained to 200 - 300 ppm',1,19,2,0),(706,'Chemical and Physical Analysis','Hardness in pool water is tested at least weekly',1,19,2,0),(707,'Chemical and Physical Analysis','The recommended range for stabilizer (cyanuric acid - Used in outdoor pools only) used for outdoor pools is 25 - 50 ppm',1,19,2,0),(708,'Chemical and Physical Analysis','Cyanuric acid (Used in outdoor pools only) in pool water is tested at least once a week for pools and once a day for SPA',1,19,2,0),(709,'Chemical and Physical Analysis','Recommended water temperature for pools is 21°C – 32°C and for SPA is 36°C - 38°C',1,19,2,0),(710,'Chemical and Physical Analysis','Water is visibly clear',1,19,2,0),(711,'Chemical and Physical Analysis','Any other',1,19,2,0),(712,'Facility and Structure','A complete set of pool drawings  SOP  manuals  technical data sheet  chemical MSDS are available and on site for easy reference by pool staff.',1,19,3,0),(713,'Facility and Structure','Is the general condition of pool satisfactory',1,19,2,0),(714,'Facility and Structure','Is deck clean and in good condition',1,19,2,0),(715,'Facility and Structure','Main drain is covered',1,19,2,0),(716,'Facility and Structure','Sides of the pool are in good condition.',1,19,1,0),(717,'Facility and Structure','Bottom of the pool is in good condition and no broken or chipped surface',1,19,2,0),(718,'Facility and Structure','The pool depth is properly marked on the poolside and visible',1,19,2,0),(719,'Facility and Structure','Level of water is as per standard',1,19,1,0),(720,'Facility and Structure','Diving boards are made up of anti fungal material  are in good repair and non slip',1,19,2,0),(721,'Facility and Structure','Dry-niche light fixtures  and all underwater wet-niche light fixtures operating at more than 15 volts in public swimming pools are protected by a ground-fault circuit interrupter in the branch circuit  and all light fixtures in public swimming pools ',1,19,1,0),(722,'Facility and Structure','Only approved underwater lighting fixtures are used and no lighting fixtures are installed for operations at more than 150 volts between conductors.',1,19,1,0),(723,'Facility and Structure','The swimming pool has no sharp edges or decorated features?',1,19,1,0),(724,'Facility and Structure','Any other',1,19,2,0),(725,'Life saving and First aid equipment','Life saving equipment is mounted in conspicuous places and readily available',1,19,3,0),(726,'Life saving and First aid equipment','First aid kit is in place at the facility with all necessary items.',1,19,1,0),(727,'Life saving and First aid equipment','General bathing rules are posted in prominent locations within the pool enclosure.',1,19,1,0),(728,'Life saving and First aid equipment','Hygiene rules are posted in prominent locations within the pool enclosure.',1,19,2,0),(729,'Life saving and First aid equipment','During operational hours of the pool  certified lifeguards are on duty  and breaks covered',1,19,2,0),(730,'Life saving and First aid equipment','While the lifeguard is not on duty when the pool is closed  a prominent sign saying “NO LIFE GUARD ON DUTY” is displayed besides the pool',1,19,1,0),(731,'Life saving and First aid equipment','The surroundings of the pool is made up of anti slip tiles',1,19,1,0),(732,'Life saving and First aid equipment','The pool surroundings is designed in order to prevent the back flow of any standing water back to the pool',1,19,1,0),(733,'Life saving and First aid equipment','Swimming pool is regularly cleaned to remove any foreign particles  and records are maintained',1,19,2,0),(734,'Life saving and First aid equipment','Distance between the pool ladders and the wall and floor of the swimming pool is at least 90mm',1,19,2,0),(735,'Life saving and First aid equipment','If gas chlorine is used the self contained masks are available and ready for use',1,19,2,0),(736,'Life saving and First aid equipment','If gas chlorine is used the cylinders are secured and available.',1,19,2,0),(737,'Life saving and First aid equipment','Ammonium hydroxide is available and used properly where required',1,19,2,0),(738,'Life saving and First aid equipment','Ventilation and dehumidification system are working properly',1,19,2,0),(739,'Life saving and First aid equipment','Pumping water to non-allowed places',1,19,2,0),(740,'Life saving and First aid equipment','Emptying water in places other than the designated areas',1,19,1,0),(741,'Life saving and First aid equipment','Towels for the swimming pool are available separately and clean',1,19,2,0),(742,'Life saving and First aid equipment','Any other',1,19,3,0),(743,'General Equipment and Cleaning Tools','Chemicals are stored in a separate location and lock out/tag out procedure is followed',1,19,3,0),(744,'General Equipment and Cleaning Tools','Equipment comprising of gauges and meters are calibrated and available for use',1,19,1,0),(745,'General Equipment and Cleaning Tools','DPD test kit is available  complete and in good repair',1,19,2,0),(746,'General Equipment and Cleaning Tools','Skimmers/ gutters are clean  are designed to prevent the entrapment of bathers',1,19,2,0),(747,'General Equipment and Cleaning Tools','Filters are in good repair and working effectively',1,19,2,0),(748,'General Equipment and Cleaning Tools','Circulating pumps have an effective vacuum-breaking design',1,19,2,0),(749,'General Equipment and Cleaning Tools','The turnover rate of the equipment is as per standard requirement and defined by the manual',1,19,2,0),(750,'General Equipment and Cleaning Tools','Weather proof enclosures are available  fitted  working and in good repair',1,19,2,0),(751,'General Equipment and Cleaning Tools','Any other',1,19,2,0),(752,'Bath House','Floors and walls of bath house are clean  good repair and anti slip.',1,19,3,0),(753,'Bath House','General condition of the bath house is clean and in good condition.',1,19,2,0),(754,'Bath House','Bath house is equipped with Safety relevant components.',1,19,2,0),(755,'Bath House','The bath house comprises of adequate enclosure',1,19,2,0),(756,'Bath House','Steps and hand rails are in good condition and anti slip',1,19,2,0),(757,'Bath House','Ladders are anti slip and must not pose threat of trips and fall',1,19,2,0),(758,'Bath House','Any other',1,19,2,0),(759,'COMPLIANCE POINTS','Delaying the inspection  inspector entrance or no cooperation  not allowed to enter or any other misconduct',1,19,3,0),(760,'COMPLIANCE POINTS','Staff has valid medical and fitness Report.',1,19,1,0),(761,'COMPLIANCE POINTS','Staff already trained',1,19,1,0),(762,'COMPLIANCE POINTS','Pool is used for noncommercial purpose or activity not in the license  for staff swimming or for staff entertainment',1,19,1,0),(763,'COMPLIANCE POINTS','Owners or supervisors helps violated workers for escape',1,19,1,0),(764,'LICENSE DETAIL','Operate the facility with license issues by Government',1,20,1,0),(765,'LICENSE DETAIL','Last (Previous) health Inspection Report available.',1,20,1,0),(766,'LICENSE DETAIL','Business activity is as per the license and not outside allocated premises',1,20,3,0),(767,'LICENSE DETAIL','Worksite is as per the space allocation',1,20,1,0),(768,'LICENSE DETAIL','Purchasing',1,20,2,0),(769,'LICENSE DETAIL','Is a approved supplier list available and being adhered to?',1,20,2,0),(770,'LICENSE DETAIL','Receipt of Goods',1,20,2,0),(771,'LICENSE DETAIL','Is food received at proper temperatures and documentation present?',1,20,2,0),(772,'LICENSE DETAIL','Are food packages received in good condition?',1,20,1,0),(773,'LICENSE DETAIL','Are the vehicles and drivers bringing food materials to the premises  suitable  well maintained and clean?',1,20,2,0),(774,'LICENSE DETAIL','Is expiry date or best before date valid and not void?',1,20,2,0),(775,'Storage Practices','Is chilled food stored below  5°C/41°F?',1,20,2,0),(776,'Storage Practices','Are raw foods stored away or below ready to eat foods inside the fridge?',1,20,1,0),(777,'Storage Practices','Is frozen food stored at below -18°C/0°F?',1,20,2,0),(778,'Storage Practices','Is food stored covered?',1,20,1,0),(779,'Storage Practices','Is food stored above the floor and away from the walls?',1,20,2,0),(780,'Storage Practices','Are food and chemicals adequately segregated?',1,20,2,0),(781,'Storage Practices','Any sign of temperture abuse in food?',1,20,2,0),(782,'Storage Practices','Are food containers stacked incorrectly?',1,20,1,0),(783,'Storage Practices','Is food being stored in areas which are not designated food rooms?',1,20,2,0),(784,'Storage Practices','Are food containers  used solely to store food?',1,20,2,0),(785,'Storage Practices','Is temperature and RH of dry store is appropriate i.e.  T= 20-25 C and RH=<65%',1,20,2,0),(786,'Storage Practices','Are storage racks or pallats are above the floor and away from walls? Std= >15 cm',1,20,2,0),(787,'Storage Practices','Are cans  boxes and other packagings in good condition  damaged/recalled products segregated?',1,20,2,0),(788,'Storage Practices','Are all food contaniers food graded?',1,20,2,0),(789,'Probe Thermometer Use','Is usage of probe thermometer as per standard?',1,20,2,0),(790,'Probe Thermometer Use','Is probe thermometer being caliberated?',1,20,2,0),(791,'Probe Thermometer Use','Is probe thermometer been cleaned and sanitized between and before use?',1,20,2,0),(792,'Probe Thermometer Use','Are Sanitiser wipes available or alternative method demonstrated?',1,20,1,0),(793,'Stock Rotation','Is stock being rotated as per FIFO principle?',1,20,2,0),(794,'Stock Rotation','Is food within  \'use by\' or \'best before\' date?',1,20,2,0),(795,'Stock Rotation','Is food being  labelled or Relabelled correctly?',1,20,1,0),(796,'Stock Rotation','Is there any unfit food in store?',1,20,2,0),(797,'Food Preparation','Are any chilled foods being held above 8\'C / 46 F for excessive periods of time in the kitchen?',1,20,2,0),(798,'Food Preparation','Are raw salad leaves  herbs   fruits and vegetables thoroughly washed and sanitised prior to use?',1,20,1,0),(799,'Food Preparation','Are chlorine test strips available and being used correctly?',1,20,2,0),(800,'Food Preparation','Is ice used as a coolant used as a food ingredient?',1,20,2,0),(801,'Food Preparation','Are raw  whole shell eggs being pooled?',1,20,2,0),(802,'Food Preparation','Are colour coded chopping boards available?',1,20,2,0),(803,'Food Preparation','Is there adequate separation of chopping boards?',1,20,2,0),(804,'Food Preparation','Are kitchen team members able to explain the different uses for the different colour boards adequately?',1,20,3,0),(805,'Food Preparation','Is a chopping board stand available  and being used?',1,20,2,0),(806,'Food Preparation','Are colour coded knives  available?',1,20,3,0),(807,'Food Preparation','Are colour coded knives being used correctly?',1,20,2,0),(808,'Food Preparation','Are disposable aprons and gloves being worn when handling raw meat?',1,20,2,0),(809,'Food Preparation','Is there adequate separation of preparation areas?',1,20,2,0),(810,'Food Preparation','Are food preparation and equipment sinks being used for other purposes?',1,20,2,0),(811,'Food Preparation','Is temperature of preparation area cool? Std= <15\'C.',1,20,2,0),(812,'Food Preparation','Is there a risks of foreign bodies getting into food?',1,20,2,0),(813,'Thawing and Defrosting','Is food being  defrosted in a fridge at below 4\'C or as per validated method?',1,20,2,0),(814,'Thawing and Defrosting','Is defrosted food not refreezed and handled properly?',1,20,1,0),(815,'Cooking and Reheating','Is food being  cooked to a safe core temperature i.e.  75oC / 167°F?',1,20,1,0),(816,'Cooking and Reheating','Is micro waved foods cooked uniformely to a minimum of 75oC/ 167°F',1,20,1,0),(817,'Cooking and Reheating','Is reheating done as quickly as possible?',1,20,1,0),(818,'Cooking and Reheating','Products reheated for immediate service reach a minimum of 82C/ 180°F',1,20,2,0),(819,'Cooking and Reheating','Is oil in good condition and no old oil is used? Oil change record is kept ?',1,20,1,0),(820,'Cooling','Is food being cooled safely? Std= quickly cool at room temperature (< 20 \'C) within 90 minutes and below 8 \'C within 4 hours',1,20,2,0),(821,'Cooling','Is cooling done safely and procedurely to avoid cross contamination?',1,20,1,0),(822,'Service','Is hot food served at >63 \'C for not more than 2 Hours?',1,20,2,0),(823,'Service','Is cold food served at <5 \'C for not more than 2 Hours?',1,20,1,0),(824,'Service','Are all foods covered or well guarded while serving?',1,20,1,0),(825,'Service','Are cleaned and sanitized curtlery provided?',1,20,2,0),(826,'Service','Food Allergen Management',1,20,2,0),(827,'Service','Are allergen products stored separately from non-allergen products?',1,20,2,0),(828,'Service','Food Handler Awareness about Food Allergens?',1,20,1,0),(829,'Service','Are Food containing Allergens handled so that it doesn\'t cause corss contamination?',1,20,2,0),(830,'Service','Is there any practical way to communicate allergens to consumers?',1,20,1,0),(831,'Hand Washing Facilities','Is there hot water (45 \'C) at the wash hand basin in kitchen?',1,20,2,0),(832,'Hand Washing Facilities','Is there liquid antibacterial soap and  paper towels at the hand wash basin in the kitchen?',1,20,3,0),(833,'Hand Washing Facilities','Are locations and number of wash hand basins  adequate to  promote hand washing?',1,20,2,0),(834,'Hand Washing Facilities','Are hand washing sinks  being used for other purposes?',1,20,2,0),(835,'Hand Washing Facilities','Are hand washing facilities dirty?',1,20,2,0),(836,'Hand Washing Facilities','Are  basins obstructed?',1,20,3,0),(837,'Hand Washing Facilities','Are hand free operated faucet are available  if not do food handler observe porper way to close faucet?',1,20,3,0),(838,'Personal Hygiene','Are all team members wearing clean  company approved uniform including hats?',1,20,2,0),(839,'Personal Hygiene','Are all team members adhering to personal hygiene rules on nails?',1,20,3,0),(840,'Personal Hygiene','Are all team members adhering to personal hygiene rules on Jewellery?',1,20,2,0),(841,'Personal Hygiene','Are all cuts  sores covered by a non flesh colored  plaster?',1,20,2,0),(842,'Personal Hygiene','Is there an adequate supply of blue  or bold coloured plasters in the first aid kit?',1,20,2,0),(843,'Personal Hygiene','Are team members eating  drinking  chewing or smoking in food rooms?',1,20,3,0),(844,'Personal Hygiene','Is effective hand washing being demonstrated by all team members in order to prevent control cross contamination?',1,20,2,0),(845,'Personal Hygiene','can two team members demonstrate  correct hand washing technique?',1,20,3,0),(846,'Personal Hygiene','Is the correct glove usage procedure in place?',1,20,3,0),(847,'Personal Hygiene','Are gloves being used safely?',1,20,3,0),(848,'Personal Hygiene','Are there any  sick/symptomatic staff at work?',1,20,2,0),(849,'Personal Hygiene','Are return to work forms being completed for team members who have been off  sick?',1,20,1,0),(850,'Personal Hygiene','Are team members reporting infectious diseases to the management team?',1,20,2,0),(851,'Personal Hygiene','Are  team members following correct procedure after a team member or guests vomits (or similar)',1,20,2,0),(852,'Welfare Facilities','Is the  team members changing area clean and tidy?',1,20,2,0),(853,'Welfare Facilities','Are the  team members toilets clean and tidy?',1,20,3,0),(854,'Welfare Facilities','Is there adequate hot water at the wash hand basin in the  team members toilets?',1,20,3,0),(855,'Welfare Facilities','Is there liquid antibacterial soap at the hand wash basin in the  team members toilets?',1,20,3,0),(856,'Welfare Facilities','Is there adequate means of hygienic hand drying at the wash hand basin in the  team members toilets?',1,20,2,0),(857,'Welfare Facilities','Do any toilets open directly into a  food room?',1,20,3,0),(858,'Cleaning sanitation and Waste Management','Are  food contact surfaces clean?',1,20,1,0),(859,'Cleaning sanitation and Waste Management','Are other hand contact surfaces clean?',1,20,2,0),(860,'Cleaning sanitation and Waste Management','Are the shelves and storage unit clean?',1,20,2,0),(861,'Cleaning sanitation and Waste Management','Is all equipment including fridge and freezers clean?',1,20,3,0),(862,'Cleaning sanitation and Waste Management','Are the steak flags and the caddies they are stored in  clean?',1,20,2,0),(863,'Cleaning sanitation and Waste Management','Are walls floors and wall floor junctions clean?',1,20,3,0),(864,'Cleaning sanitation and Waste Management','Canopies and filters not clean with debris and grime',1,20,3,0),(865,'Cleaning sanitation and Waste Management','Are dry storage areas clean?',1,20,3,0),(866,'Cleaning sanitation and Waste Management','Are all utensils clean?',1,20,3,0),(867,'Cleaning sanitation and Waste Management','Is the ice machine  and scoop clean?',1,20,3,0),(868,'Cleaning sanitation and Waste Management','Is the utensil bath clean?',1,20,3,0),(869,'Cleaning sanitation and Waste Management','Is the internal Ice Making and Water Tubes clean and in good repair?',1,20,3,0),(870,'Cleaning sanitation and Waste Management','Is the magnetic Knife Bar (Magna Bars) clean ?',1,20,3,0),(871,'Cleaning sanitation and Waste Management','Is equipment/utensils air-dried before stacking?',1,20,3,0),(872,'Cleaning sanitation and Waste Management','Is there a sanitiser bottle/ bucket per station and made to correct dilution?',1,20,3,0),(873,'Cleaning sanitation and Waste Management','Is an adequate supply of sanitiser available?',1,20,2,0),(874,'Cleaning sanitation and Waste Management','Is there an adequate supply of sanitising wipes available?',1,20,3,0),(875,'Cleaning sanitation and Waste Management','Is an adequate supply of dishwasher detergent and rinse aid available?',1,20,3,0),(876,'Cleaning sanitation and Waste Management','Is the cleaning equipment clean ?',1,20,3,0),(877,'Cleaning sanitation and Waste Management','Is the cleaning equipment in good condition and sotred properly and separately?',1,20,3,0),(878,'Cleaning sanitation and Waste Management','Dishwashing and Glasswashing machine not operating?',1,20,3,0),(879,'Cleaning sanitation and Waste Management','Are test strips available?',1,20,3,0),(880,'Cleaning sanitation and Waste Management','Is the temperature of hot water sanitizing for mechanical equipment is ?82.5’C / 180’F at utensil surface?',1,20,3,0),(881,'Cleaning sanitation and Waste Management','Is the dish machine fully functional?',1,20,2,0),(882,'Cleaning sanitation and Waste Management','Is the concentration of the sanitizer in the 3-part sink adequate for effective sanitization?',1,20,3,0),(883,'Cleaning sanitation and Waste Management','Is the janitorial equipment washed and stored in designated areas?',1,20,2,0),(884,'Cleaning sanitation and Waste Management','Is the kitchen free from waste accumulations?',1,20,3,0),(885,'Cleaning sanitation and Waste Management','Is the external waste/bin area clean and tidy?',1,20,2,0),(886,'Cleaning sanitation and Waste Management','Bin lids not kept closed?',1,20,3,0),(887,'Cleaning sanitation and Waste Management','Are kitchen bins not clean or emptied at the end of each day?',1,20,3,0),(888,'Pest Management','Internal or external housekeeping issues',1,20,3,0),(889,'Pest Management','Are all windows and doors to the food room  kept closed?',1,20,3,0),(890,'Pest Management','Is pest activity present internally or externally?',1,20,2,0),(891,'Pest Management','Is the pest Infestation being managed?',1,20,1,0),(892,'Pest Management','Are equipment and surfaces being sanitised when there is an infestation?',1,20,2,0),(893,'Pest Management','Is a pest control contract available and report available?',1,20,1,0),(894,'Pest Management','Have all the pest  technician recommendations been completed from the last inspection?',1,20,2,0),(895,'Pest Management','Is the premises adequately pest proofed?',1,20,2,0),(896,'Pest Management','Are Insect control devices located in areas to prevent contamination?',1,20,1,0),(897,'Pest Management','Rodent bait is contained in a covered  tamper-resistant bait station',1,20,2,0),(898,'Pest Management','Pesticides applied by approved personnel only',1,20,2,0),(899,'Structural Hygiene (Walls / Ceilings;Floor;Window;Door Kitchen Surfaces)','Are all walls in food rooms in good repair and suitable wall covering used?',1,20,2,0),(900,'Structural Hygiene (Walls / Ceilings;Floor;Window;Door Kitchen Surfaces)','Are all ceilings in food rooms in good repair and suitable ceiling covering used?',1,20,2,0),(901,'Structural Hygiene (Walls / Ceilings;Floor;Window;Door Kitchen Surfaces)','Are wall/ceilings  free of mould growth?',1,20,2,0),(902,'Structural Hygiene (Walls / Ceilings;Floor;Window;Door Kitchen Surfaces)','Are all floor covering in good repair?',1,20,2,0),(903,'Structural Hygiene (Walls / Ceilings;Floor;Window;Door Kitchen Surfaces)','Are all window/doors in good repair?',1,20,2,0),(904,'Structural Hygiene (Walls / Ceilings;Floor;Window;Door Kitchen Surfaces)','Are work surfaces in the bar or kitchen in good repair?',1,20,2,0),(905,'Lighting / Ventilation','Is the lighting adequate in food rooms?',1,20,2,0),(906,'Lighting / Ventilation','Are all lighting covers in food rooms covered by shields or shatterproof ?',1,20,3,0),(907,'Lighting / Ventilation','Is the ventilation and  extraction adequate?',1,20,2,0),(908,'Draingae and Plumbing','Are any drains or pipes blocked?',1,20,2,0),(909,'Draingae and Plumbing','Is there an adequate water supply to the food room?',1,20,3,0),(910,'Draingae and Plumbing','Is there an adequate hot water supply to the food room?',1,20,3,0),(911,'Draingae and Plumbing','All taps in good working order?',1,20,3,0),(912,'Draingae and Plumbing','Is there a minimum of one functioning toilet available in the facility?',1,20,3,0),(913,'Draingae and Plumbing','Are there sufficient backflow devices/prevention present?',1,20,2,0),(914,'Draingae and Plumbing','Draines are not smelly and messy?',1,20,3,0),(915,'Equipments','Are fridge seals in good working order?',1,20,3,0),(916,'Equipments','Is there any broken or damaged  equipment presenting a risk to food?',1,20,3,0),(917,'Equipments','Are all food preparation surfaces  maintained in sound condition?',1,20,2,0),(918,'Equipments','Are can openers  sharp  clean and functioning properly?',1,20,2,0),(919,'Equipments','Are colour coded chopping boards in good condition and made of plastic?',1,20,2,0),(920,'Equipments','The shelving/ racking  is not easily cleanable due to the materials use',1,20,2,0),(921,'Equipments','No soft wooden equipment is used for food preparation?',1,20,2,0),(922,'Equipments','No cook ware are made of toxic metal like Cu  Al?',1,20,2,0),(923,'Documentation','Is kitchen manual available?',1,20,1,0),(924,'Documentation','Are all temperatures logs recorded?',1,20,2,0),(925,'Documentation','Are corrective actions taken properly and recorded?',1,20,2,0),(926,'Documentation','Is staff health surveillance record available?',1,20,2,0),(927,'Documentation','Is local enforcement inspection and follow up action record available?',1,20,2,0),(928,'Documentation','Is cleaning schedule available and being observed?',1,20,2,0),(929,'Training','Are all food handler trained about basic food safety?',1,20,2,0),(930,'Training','Are supervisors trained to play their role?',1,20,1,0),(931,'Training','Are all food handlers trained to perform their assigned tasks?',1,20,1,0),(932,'Training','Are manager trained for managing food safety ?',1,20,2,0),(933,'Training','Compliance of Local Legislation',1,20,1,0),(934,'Training','Are all local legislation needs well determined and complied?',1,20,1,0),(935,'Health Surviellance','Do all employees undergo an annual medical examination and have an appropriate medical certificate?',1,20,1,0),(936,'Health Surviellance','Do all employees undergo medical examination on resuming their job after long vacation spent abroad?',1,20,1,0);
/*!40000 ALTER TABLE `questions` ENABLE KEYS */;
UNLOCK TABLES;

--
-- Table structure for table `samples`
--

DROP TABLE IF EXISTS `samples`;
/*!40101 SET @saved_cs_client     = @@character_set_client */;
/*!40101 SET character_set_client = utf8 */;
CREATE TABLE `samples` (
  `id` int(11) NOT NULL AUTO_INCREMENT,
  `name` varchar(100) NOT NULL,
  `code` int(11) NOT NULL,
  `type` int(11) NOT NULL DEFAULT '1',
  `id_audit` int(11) NOT NULL,
  PRIMARY KEY (`id`),
  UNIQUE KEY `id_UNIQUE` (`id`)
) ENGINE=InnoDB AUTO_INCREMENT=8 DEFAULT CHARSET=latin1;
/*!40101 SET character_set_client = @saved_cs_client */;

--
-- Dumping data for table `samples`
--

LOCK TABLES `samples` WRITE;
/*!40000 ALTER TABLE `samples` DISABLE KEYS */;
INSERT INTO `samples` VALUES (1,'asda',123,1,15),(2,'sada',456,2,15),(3,'',0,0,17),(4,'',0,0,17),(5,'',0,0,17),(6,'',0,0,27),(7,'',0,0,27);
/*!40000 ALTER TABLE `samples` ENABLE KEYS */;
UNLOCK TABLES;

--
-- Table structure for table `site_rankings`
--

DROP TABLE IF EXISTS `site_rankings`;
/*!40101 SET @saved_cs_client     = @@character_set_client */;
/*!40101 SET character_set_client = utf8 */;
CREATE TABLE `site_rankings` (
  `id` int(11) NOT NULL AUTO_INCREMENT,
  `id_facility` int(11) NOT NULL,
  `rank` varchar(45) NOT NULL,
  PRIMARY KEY (`id`),
  UNIQUE KEY `id_UNIQUE` (`id`)
) ENGINE=InnoDB DEFAULT CHARSET=latin1;
/*!40101 SET character_set_client = @saved_cs_client */;

--
-- Dumping data for table `site_rankings`
--

LOCK TABLES `site_rankings` WRITE;
/*!40000 ALTER TABLE `site_rankings` DISABLE KEYS */;
/*!40000 ALTER TABLE `site_rankings` ENABLE KEYS */;
UNLOCK TABLES;

--
-- Table structure for table `trainer`
--

DROP TABLE IF EXISTS `trainer`;
/*!40101 SET @saved_cs_client     = @@character_set_client */;
/*!40101 SET character_set_client = utf8 */;
CREATE TABLE `trainer` (
  `id` int(11) NOT NULL AUTO_INCREMENT,
  `name` varchar(45) NOT NULL,
  PRIMARY KEY (`id`),
  UNIQUE KEY `id_UNIQUE` (`id`)
) ENGINE=InnoDB AUTO_INCREMENT=6 DEFAULT CHARSET=latin1;
/*!40101 SET character_set_client = @saved_cs_client */;

--
-- Dumping data for table `trainer`
--

LOCK TABLES `trainer` WRITE;
/*!40000 ALTER TABLE `trainer` DISABLE KEYS */;
INSERT INTO `trainer` VALUES (1,'Asad'),(2,'Shamikh'),(3,'Batman'),(4,'Superman'),(5,'Goku');
/*!40000 ALTER TABLE `trainer` ENABLE KEYS */;
UNLOCK TABLES;

--
-- Table structure for table `trainings`
--

DROP TABLE IF EXISTS `trainings`;
/*!40101 SET @saved_cs_client     = @@character_set_client */;
/*!40101 SET character_set_client = utf8 */;
CREATE TABLE `trainings` (
  `id` int(11) NOT NULL AUTO_INCREMENT,
  `language` varchar(45) NOT NULL,
  `date` date NOT NULL,
  `id_trainer` int(11) NOT NULL,
  `workers` int(11) NOT NULL DEFAULT '0',
  `course_id` varchar(45) NOT NULL,
  `level` int(11) NOT NULL DEFAULT '1',
  `timing` int(11) NOT NULL,
  `monday` int(11) NOT NULL DEFAULT '0',
  `tuesday` int(11) NOT NULL DEFAULT '0',
  `wednesday` int(11) NOT NULL DEFAULT '0',
  `thrusday` int(11) NOT NULL DEFAULT '0',
  `sunday` int(11) NOT NULL DEFAULT '0',
  `weeks` int(11) NOT NULL DEFAULT '1',
  PRIMARY KEY (`id`),
  UNIQUE KEY `id_UNIQUE` (`id`)
) ENGINE=InnoDB AUTO_INCREMENT=17 DEFAULT CHARSET=latin1;
/*!40101 SET character_set_client = @saved_cs_client */;

--
-- Dumping data for table `trainings`
--

LOCK TABLES `trainings` WRITE;
/*!40000 ALTER TABLE `trainings` DISABLE KEYS */;
INSERT INTO `trainings` VALUES (5,'arabic','2016-05-09',2,3,'3',2,0,1,1,0,1,0,2),(6,'english','2016-05-09',2,3,'4',2,0,1,1,0,1,1,3),(7,'english','2016-05-09',2,3,'4',2,0,1,1,0,1,1,3),(8,'all','2016-05-09',1,1,'1',1,0,1,1,0,1,0,1),(9,'all','2016-05-09',1,1,'1',1,0,1,1,0,1,0,1),(10,'all','2016-05-09',1,1,'1',1,0,1,1,0,1,0,1),(11,'all','2016-05-09',1,1,'1',1,0,1,1,0,1,0,1),(12,'all','2017-04-10',1,1,'1',1,0,1,1,0,1,0,1),(13,'all','2017-04-10',1,1,'1',1,0,1,1,0,1,0,1),(14,'all','2017-06-17',1,2,'3',2,0,1,1,0,1,0,1),(15,'arabic','2016-01-01',1,-2,'3',2,0,1,1,0,1,0,3),(16,'all','0000-00-00',1,1,'1',1,0,1,1,0,1,0,1);
/*!40000 ALTER TABLE `trainings` ENABLE KEYS */;
UNLOCK TABLES;

--
-- Table structure for table `trainings_workers`
--

DROP TABLE IF EXISTS `trainings_workers`;
/*!40101 SET @saved_cs_client     = @@character_set_client */;
/*!40101 SET character_set_client = utf8 */;
CREATE TABLE `trainings_workers` (
  `id` int(11) NOT NULL AUTO_INCREMENT,
  `id_worker` int(11) NOT NULL,
  `id_training` int(11) NOT NULL,
  `status` int(11) NOT NULL DEFAULT '0',
  PRIMARY KEY (`id`),
  UNIQUE KEY `id_UNIQUE` (`id`)
) ENGINE=InnoDB AUTO_INCREMENT=23 DEFAULT CHARSET=latin1;
/*!40101 SET character_set_client = @saved_cs_client */;

--
-- Dumping data for table `trainings_workers`
--

LOCK TABLES `trainings_workers` WRITE;
/*!40000 ALTER TABLE `trainings_workers` DISABLE KEYS */;
INSERT INTO `trainings_workers` VALUES (3,11,14,0),(4,11,13,0),(5,1,13,0),(6,1,14,1),(20,17,5,1),(22,11,5,1);
/*!40000 ALTER TABLE `trainings_workers` ENABLE KEYS */;
UNLOCK TABLES;

--
-- Table structure for table `userprofiles`
--

DROP TABLE IF EXISTS `userprofiles`;
/*!40101 SET @saved_cs_client     = @@character_set_client */;
/*!40101 SET character_set_client = utf8 */;
CREATE TABLE `userprofiles` (
  `id` int(11) NOT NULL AUTO_INCREMENT,
  `employee_id` varchar(45) NOT NULL,
  `nic` varchar(45) NOT NULL,
  `address` varchar(45) DEFAULT '',
  `dob` date NOT NULL,
  `section` int(11) NOT NULL,
  `reports_to` int(11) DEFAULT '0',
  `contact` varchar(45) DEFAULT '',
  `created_at` datetime DEFAULT '0000-00-00 00:00:00',
  `updated_at` datetime DEFAULT '0000-00-00 00:00:00',
  `status` int(11) NOT NULL,
  `image` varchar(45) DEFAULT '',
  `sign` varchar(45) DEFAULT '',
  `username` varchar(45) NOT NULL,
  `password` varchar(500) NOT NULL,
  `designation` int(11) NOT NULL,
  `name` varchar(45) NOT NULL,
  `email` varchar(45) NOT NULL,
  `id_facility` int(11) NOT NULL DEFAULT '-1',
  PRIMARY KEY (`id`),
  UNIQUE KEY `id_UNIQUE` (`id`),
  UNIQUE KEY `username_UNIQUE` (`username`),
  UNIQUE KEY `email_UNIQUE` (`email`)
) ENGINE=InnoDB AUTO_INCREMENT=18 DEFAULT CHARSET=latin1;
/*!40101 SET character_set_client = @saved_cs_client */;

--
-- Dumping data for table `userprofiles`
--

LOCK TABLES `userprofiles` WRITE;
/*!40000 ALTER TABLE `userprofiles` DISABLE KEYS */;
INSERT INTO `userprofiles` VALUES (5,'1234645789','1231465465','R-225, Sector 15/A-4 bufferzone North karachi','2016-05-25',1,0,'123465','0000-00-00 00:00:00','0000-00-00 00:00:00',1,'174.jpg','','ordi','6367c48dd193d56ea7b0baad25b19455e529f5ee',1,'Dayem Siddiqui','asdasda@gmail.com',-1),(16,'123456','159357','asd asdasd','2016-05-25',1,5,'+9234725105698','0000-00-00 00:00:00','0000-00-00 00:00:00',1,'174.jpg','','root','12345',2,'shamikh','abc123@gmail.com',-1),(17,'123','132','asdad','2016-05-27',1,5,'123456789','0000-00-00 00:00:00','0000-00-00 00:00:00',1,'logo.jpg','','otherguy','6367c48dd193d56ea7b0baad25b19455e529f5ee',2,'otherguy','other@other.com',-1);
/*!40000 ALTER TABLE `userprofiles` ENABLE KEYS */;
UNLOCK TABLES;

--
-- Table structure for table `violations`
--

DROP TABLE IF EXISTS `violations`;
/*!40101 SET @saved_cs_client     = @@character_set_client */;
/*!40101 SET character_set_client = utf8 */;
CREATE TABLE `violations` (
  `id` int(11) NOT NULL AUTO_INCREMENT,
  `id_audit` int(11) NOT NULL,
  `id_question` int(11) NOT NULL,
  `penalty` varchar(45) DEFAULT '',
  `comments` varchar(100) DEFAULT '',
  `attachment` varchar(200) DEFAULT '',
  `id_inspector` int(11) NOT NULL,
  PRIMARY KEY (`id`),
  UNIQUE KEY `id_UNIQUE` (`id`)
) ENGINE=InnoDB AUTO_INCREMENT=21 DEFAULT CHARSET=latin1;
/*!40101 SET character_set_client = @saved_cs_client */;

--
-- Dumping data for table `violations`
--

LOCK TABLES `violations` WRITE;
/*!40000 ALTER TABLE `violations` DISABLE KEYS */;
INSERT INTO `violations` VALUES (2,15,1,'53','sdasdsaasd','1',1),(3,15,1,'53','sdasdsaasd','1',1),(4,15,1,'53','sdasdsaasd','1',1),(5,15,1,'53','sdasdsaasd','1',1),(6,15,1,'53','sdasdsaasd','1',1),(7,15,1,'53','sdasdsaasd','1',1),(8,17,164,'63','some comments','1',1),(9,17,164,'63','some comments','1',1),(10,17,175,'59','Ndsdad','1',1),(11,27,1,'','','1',16),(12,27,2,'57','','1',16),(13,27,70,'','asdasd','1',16),(14,27,102,'','cvbcbtb','1',16),(15,27,103,'','','1',16),(16,27,50,'','as dasd','1',16),(17,27,52,'','asdxcz dt 24','1',16),(18,27,53,'','','1',16),(19,27,55,'58','','1',16),(20,27,56,'59','khjiid1j2i ij ij d2ji hdih 2hd ','1',16);
/*!40000 ALTER TABLE `violations` ENABLE KEYS */;
UNLOCK TABLES;

--
-- Table structure for table `violations_workers`
--

DROP TABLE IF EXISTS `violations_workers`;
/*!40101 SET @saved_cs_client     = @@character_set_client */;
/*!40101 SET character_set_client = utf8 */;
CREATE TABLE `violations_workers` (
  `id` int(11) NOT NULL AUTO_INCREMENT,
  `id_violation` int(11) NOT NULL,
  `id_worker` int(11) NOT NULL,
  PRIMARY KEY (`id`),
  UNIQUE KEY `id_UNIQUE` (`id`)
) ENGINE=InnoDB AUTO_INCREMENT=12 DEFAULT CHARSET=latin1;
/*!40101 SET character_set_client = @saved_cs_client */;

--
-- Dumping data for table `violations_workers`
--

LOCK TABLES `violations_workers` WRITE;
/*!40000 ALTER TABLE `violations_workers` DISABLE KEYS */;
INSERT INTO `violations_workers` VALUES (1,6,16),(2,6,17),(3,7,16),(4,7,17),(5,10,16),(6,11,11),(7,11,10),(8,16,14),(9,16,10),(10,16,11),(11,19,12);
/*!40000 ALTER TABLE `violations_workers` ENABLE KEYS */;
UNLOCK TABLES;

--
-- Table structure for table `workers`
--

DROP TABLE IF EXISTS `workers`;
/*!40101 SET @saved_cs_client     = @@character_set_client */;
/*!40101 SET character_set_client = utf8 */;
CREATE TABLE `workers` (
  `id` int(11) NOT NULL AUTO_INCREMENT,
  `name` varchar(45) NOT NULL,
  `id_no` varchar(45) NOT NULL,
  `license` varchar(45) DEFAULT '',
  `nationality` varchar(45) DEFAULT '',
  `status` int(11) NOT NULL DEFAULT '2',
  `language` varchar(45) DEFAULT '',
  `health_card` date DEFAULT '0000-00-00',
  `training_level` int(11) DEFAULT '0',
  `id_facility` int(11) NOT NULL,
  `picture` varchar(45) NOT NULL,
  PRIMARY KEY (`id`),
  UNIQUE KEY `id_UNIQUE` (`id`),
  UNIQUE KEY `id_no_UNIQUE` (`id_no`)
) ENGINE=InnoDB AUTO_INCREMENT=18 DEFAULT CHARSET=latin1;
/*!40101 SET character_set_client = @saved_cs_client */;

--
-- Dumping data for table `workers`
--

LOCK TABLES `workers` WRITE;
/*!40000 ALTER TABLE `workers` DISABLE KEYS */;
INSERT INTO `workers` VALUES (10,'asdasdUpdated','12321321486','12345648797','paldaks',0,'','2016-05-01',1,1,'14.jpg'),(11,'DAdas','1231','123132486','odkapsdk',1,'','2016-05-20',1,1,'14.jpg'),(12,'Dads','121546465','123','Pakistani',1,'','2016-05-19',1,1,'Screenshot from 2016-04-14 11:55:29.png'),(13,'sa','12387997','f4sd65f4d','Pakistani',0,'','2016-05-01',2,1,'pnama.jpg'),(14,'New WOrk','123146','1234657897','dasdasdas',0,'','2016-05-22',1,1,'14.jpg'),(15,'Dayem SIddiqui facility 2','132465','123456789','asdasd',2,'','2016-05-01',2,2,'Screenshot from 2016-04-14 11:56:07.png'),(16,'New worker','123951753','753951','paksi',0,'','2016-05-23',1,2,'logo.jpg'),(17,'dasdsadasd','87524978651','73412984651651561561','kpaokda',1,'','2016-05-25',1,2,'apple.jpg');
/*!40000 ALTER TABLE `workers` ENABLE KEYS */;
UNLOCK TABLES;
/*!40103 SET TIME_ZONE=@OLD_TIME_ZONE */;

/*!40101 SET SQL_MODE=@OLD_SQL_MODE */;
/*!40014 SET FOREIGN_KEY_CHECKS=@OLD_FOREIGN_KEY_CHECKS */;
/*!40014 SET UNIQUE_CHECKS=@OLD_UNIQUE_CHECKS */;
/*!40101 SET CHARACTER_SET_CLIENT=@OLD_CHARACTER_SET_CLIENT */;
/*!40101 SET CHARACTER_SET_RESULTS=@OLD_CHARACTER_SET_RESULTS */;
/*!40101 SET COLLATION_CONNECTION=@OLD_COLLATION_CONNECTION */;
/*!40111 SET SQL_NOTES=@OLD_SQL_NOTES */;

-- Dump completed on 2016-05-27 18:16:46
